va,size,kind
0x00015A60,16,jumptable
0x00026173,28,jumptable
0x00028164,16,jumptable
0x000299B4,352,jumptable
0x0002C636,16,jumptable
0x0002C706,24,jumptable
0x0002FCDB,16,jumptable
0x00032106,20,jumptable
0x00042F3A,52,jumptable
0x000551C7,48,jumptable
0x000553C7,44,jumptable
0x0005AEDB,20,jumptable
0x0005B023,20,jumptable
0x0005B11F,20,jumptable
0x000602D8,28,jumptable
0x000609E7,96,jumptable
0x000649A9,116,jumptable
0x00064A7D,24,jumptable
0x00064CA1,24,jumptable
0x00065C9B,48,jumptable
0x000666D7,36,jumptable
0x0006A5A8,20,jumptable
0x0006DCDE,16,jumptable
0x0006E476,16,jumptable
0x0006E86A,16,jumptable
0x00070932,28,jumptable
0x00070F12,124,jumptable
0x00077D04,28,jumptable
0x00077E78,28,jumptable
0x0007E944,16,jumptable
0x00087978,160,jumptable
0x00088EBE,16,jumptable
0x0008A56A,188,jumptable
0x000916B1,24,jumptable
0x00093274,20,jumptable
0x0009405C,16,jumptable
0x00094358,16,jumptable
0x000945D4,16,jumptable
0x000946E8,20,jumptable
0x00096158,44,jumptable
0x000966B0,28,jumptable
0x0009762C,16,jumptable
0x00098954,16,jumptable
0x000A8256,28,jumptable
0x000B3BD0,512,jumptable
0x000B49A5,32,jumptable
0x000B4AE4,32,jumptable
0x000B4B65,32,jumptable
0x000B4D80,32,jumptable
0x000B4E8A,32,jumptable
0x000B4FA2,32,jumptable
0x000B502B,32,jumptable
0x000B5234,32,jumptable
0x000B53E9,32,jumptable
0x000B7078,28,jumptable
