# Daggerfall Unity's SoundClips enum (Assets/Scripts/SoundClips.cs, MIT licence,
# github.com/Interkarma/daggerfall-unity at 2343305d, fetched 2026-10-04): the value is the
# index of the sound in DAGGER.SND's directory, not its record id. Indices it doesn't list
# have no name here. Read by tools/assets.py.
index,name
0,SpookyHigh
1,SpookyMid
2,SpookyLow
3,ArrowShoot
4,ArrowHit
5,Invalid
6,AmbientCrickets
7,PlayerDoorBash
11,ArenaFireDaemon
13,AmbientCreepyBirdLaughs
14,AmbientCreepyBirdCall
15,BodyFall
16,Ignite
19,ActivateGears
20,ActivateDoorClose
22,ArenaFootstep1
23,ArenaFootstep2
24,DungeonDoorClose
25,DungeonDoorOpen
26,AmbientDripShortHigh
27,AmbientDripLongHigh
28,AmbientDrums
29,AmbientWindMoan2
30,ArenaHitSound
32,ArenaFanfareLevelUp
33,ArenaFanfareStaffOfChaos
36,ArenaFireDaemon2
38,ArenaGhost
39,ArenaGhoul
40,ActivateGrind
41,ArenaHellHound
42,ArgonianMalePain3
43,BretonFemalePain1
44,BretonFemalePain2
45,BretonFemalePain3
46,RedguardFemalePain1
47,RedguardFemalePain2
48,RedguardFemalePain3
49,NordFemalePain1
50,NordFemalePain2
51,NordFemalePain3
52,DarkElfFemalePain1
53,DarkElfFemalePain2
54,DarkElfFemalePain3
55,HighElfFemalePain1
56,HighElfFemalePain2
57,HighElfFemalePain3
58,WoodElfFemalePain1
59,WoodElfFemalePain2
60,WoodElfFemalePain3
61,KhajiitFemalePain1
62,KhajiitFemalePain2
63,AmbientDripShort
64,AmbientDripLong
65,AmbientWindMoan
66,AmbientWindMoanDeep
67,AmbientDoorOpen
68,AmbientGrind
69,AmbientStrumming
70,AmbientWindBlow1
71,AmbientWindBlow1a
72,AmbientWindBlow1b
73,AmbientMonsterRoar
74,AmbientGoldPieces
75,AmbientBirdCall
76,AmbientDoorClose
77,FanfareSolo
78,DrawWeapon
81,CastSpell1
82,CastSpell2
83,CastSpell3
84,CastSpell4
85,CastSpell5
86,SpellImpactMagic
87,SpellImpactPoison
88,SpellImpactShock
89,SpellImpactFire
90,SpellImpactCold
91,FallDamage
92,FallHard
93,NormalDoorClose
94,NormalDoorOpen
95,LongSlam
96,LevelUp
97,HorseClop
98,Spooky2
99,AnimalHorse
100,AnimalDog
101,AnimalCat
102,AnimalPig
103,AnimalCow
104,HorseAndCart
105,SwingLowPitch
106,SwingHighPitch
107,Bells
108,Hit1
109,Hit2
110,Hit3
111,Hit4
112,Hit5
113,AmbientDistantHowl
114,AmbientWaterBubbles
115,EnemyRatMove
116,EnemyRatBark
117,EnemyRatAttack
118,EnemyImpMove
119,EnemyImpBark
120,EnemyImpAttack
121,EnemySprigganMove
122,EnemySprigganBark
123,EnemySprigganAttack
124,EnemyGiantBatMove
125,EnemyGiantBatBark
126,EnemyGiantBatAttack
127,EnemyBearMove
128,EnemyBearBark
129,EnemyBearAttack
130,EnemyTigerMove
131,EnemyTigerBark
132,EnemyTigerAttack
133,EnemySpiderMove
134,EnemySpiderBark
135,EnemySpiderAttack
136,EnemyOrcMove
137,EnemyOrcBark
138,EnemyOrcAttack
139,EnemyCentaurMove
140,EnemyCentaurBark
141,EnemyCentaurAttack
142,EnemyWerewolfMove
143,EnemyWerewolfBark
144,EnemyWerewolfAttack
145,EnemyNymphMove
146,EnemyNymphBark
147,EnemyNymphAttack
148,EnemyEelMove
149,EnemyEelBark
150,EnemyEelAttack
151,EnemyOrcSergeantMove
152,EnemyOrcSergeantBark
153,EnemyOrcSergeantAttack
154,EnemyHarpyMove
155,EnemyHarpyBark
156,EnemyHarpyAttack
157,EnemyWereboarMove
158,EnemyWereboarBark
159,EnemyWereboarAttack
160,EnemySkeletonMove
161,EnemySkeletonBark
162,EnemySkeletonAttack
163,EnemyGiantMove
164,EnemyGiantBark
165,EnemyGiantAttack
166,EnemyZombieMove
167,EnemyZombieBark
168,EnemyZombieAttack
169,EnemyGhostMove
170,EnemyGhostBark
171,EnemyGhostAttack
172,EnemyMummyMove
173,EnemyMummyBark
174,EnemyMummyAttack
175,EnemyScorpionMove
176,EnemyScorpionBark
177,EnemyScorpionAttack
178,EnemyOrcShamanMove
179,EnemyOrcShamanBark
138,EnemyOrcShamanAttack
181,EnemyGargoyleMove
182,EnemyGargoyleBark
180,EnemyGargoyleAttack
183,EnemyWraithMove
184,EnemyWraithBark
185,EnemyWraithAttack
186,EnemyOrcWarlordMove
187,EnemyOrcWarlordBark
188,EnemyOrcWarlordAttack
189,EnemyFrostDaedraMove
190,EnemyFrostDaedraBark
191,EnemyFrostDaedraAttack
192,EnemyFireDaedraMove
193,EnemyFireDaedraBark
194,EnemyFireDaedraAttack
195,EnemyLesserDaedraMove
196,EnemyLesserDaedraBark
197,EnemyLesserDaedraAttack
198,EnemyFemaleVampireMove
199,EnemyFemaleVampireBark
200,EnemyFemaleVampireAttack
201,EnemySeducerMove
202,EnemySeducerBark
203,EnemySeducerAttack
204,EnemyVampireMove
205,EnemyVampireBark
206,EnemyVampireAttack
207,EnemyDaedraLordMove
208,EnemyDaedraLordBark
209,EnemyDaedraLordAttack
210,EnemyLichMove
211,EnemyLichBark
212,EnemyLichAttack
213,EnemyLichKingMove
214,EnemyLichKingBark
215,EnemyLichKingAttack
216,EnemyFaeryDragonMove
217,EnemyFaeryDragonBark
218,EnemyFaeryDragonAttack
219,EnemyFireAtronachMove
220,EnemyFireAtronachBark
221,EnemyFireAtronachAttack
222,EnemyIronAtronachMove
223,EnemyIronAtronachBark
224,EnemyIronAtronachAttack
225,EnemyFleshAtronachMove
226,EnemyFleshAtronachBark
227,EnemyFleshAtronachAttack
228,EnemyIceAtronachMove
229,EnemyIceAtronachBark
230,EnemyIceAtronachAttack
231,EnemyCentaur2Move
232,EnemyCentaur2Bark
233,EnemyCentaur2Attack
234,EnemyImp2Move
235,EnemyImp2Bark
236,EnemyImp2Attack
237,EnemyDreughMove
238,EnemyDreughBark
239,EnemyDreughAttack
240,EnemyLamiaMove
241,EnemyLamiaBark
242,EnemyLamiaAttack
243,EnemyHumanMove
244,EnemyHumanBark
245,EnemyHumanAttack
298,HorseClop2
299,PainSound
300,DiceRoll
301,ArenaMinotaur
302,HaltWeak
305,ArenaHomonculus
307,ArenaIceGolem
308,FootstepMetal
309,PlayerFootstepStone1
310,PlayerFootstepOutside1
311,PlayerFootstepSnow1
312,PlayerSwimming
313,PlayerFootstepWood1
314,ArenaGoblin
316,ActivateLockUnlock
318,ArenaSkeleton
319,ArenaLich
320,ArenaLizardMan
321,ArenaGhoul2
325,ActivateOpenGate
326,ArenaOpenDoor
327,ArenaOrc
328,ActivateRatchet
329,ArenaRat
330,PlayerFootstepStone2
331,PlayerFootstepOutside2
332,PlayerFootstepSnow2
333,PlayerFootstepWood2
334,SplashSmallLow
335,HighPitchWail
336,HighPitchScream
337,ArenaSpider
340,ArenaFootstep3
342,SplashLarge
344,ArenaStoneGolem
345,ArenaStopThief
346,SplashSmall
347,SwingMediumPitch
348,StormLightningShort
349,StormLightningThunder
350,StormThunderRoll
351,ArenaTroll
353,SwingMediumPitch2
354,ArenaVampire
357,ArenaWolf
358,ArenaWraith
359,ArenaZombie
360,ButtonClick
361,GoldPieces
362,PageTurn
363,ParchmentScratching
364,MakeItem
365,MakePotion
366,RaceBreton
367,RaceRedguard
368,RaceNord
369,RaceDarkElf
370,RaceHighElf
371,RaceWoodElf
372,RaceKhajiit
373,RaceArgonian
374,SelectClassDrums
376,DiceRoll2
377,EquipShortBlade
378,EquipLongBlade
379,EquipTwoHandedBlade
380,EquipStaff
381,EquipClothing
383,EquipJewellery
384,OpenBook
385,SnoringByFire
386,MaleGasp
387,FemaleGasp
388,BlowingWindIntro
389,AmbientRaining
390,BretonMalePain1
391,BretonMalePain2
392,BretonMalePain3
393,RedguardMalePain1
394,RedguardMalePain2
395,RedguardMalePain3
396,NordMalePain1
397,NordMalePain2
398,NordMalePain3
399,DarkElfMalePain1
400,DarkElfMalePain2
401,DarkElfMalePain3
402,HighElfMalePain1
403,HighElfMalePain2
404,HighElfMalePain3
405,WoodElfMalePain1
406,WoodElfMalePain2
407,WoodElfMalePain3
408,KhajiitMalePain1
409,KhajiitMalePain2
410,KhajiitMalePain3
411,ArgonianMalePain1
412,ArgonianMalePain2
413,EquipMaceOrHammer
414,EquipFlail
415,EquipAxe
416,EquipBow
417,EquipLeather
418,EquipChain
419,EquipPlate
420,Burning
421,LongBeep
422,ArenaIronGolem
423,SpookyHigh2
424,KhajiitFemalePain3
425,ArgonianFemalePain1
426,ArgonianFemalePain2
427,ArgonianFemalePain3
428,Parry1
429,Parry2
430,Parry3
431,Parry4
432,Parry5
433,Parry6
434,Parry7
435,Parry8
436,Parry9
437,BirdCall1
438,BirdCall2
439,WaterGentle
440,WaterRough
441,AmbientPeople1
442,AmbientPeople2
443,AmbientPeople3
444,AmbientPeople4
445,AmbientPeople5
446,AmbientPeople6
447,AmbientPeople7
448,AmbientPeople8
449,AmbientPeople9
450,AmbientPeople10
455,Vengeance
456,Halt
457,Halt2
458,Groan
