unit,first_ref,last_ref,funcs_with_ref
main.c,0x00010010,0x00010010,1
sosez.c,0x000112A1,0x0001198A,5
profile.c,0x00011A6B,0x00012BBB,8
archive.c,0x00012E04,0x00013260,4
steal.c,0x0001374D,0x0001374D,1
camera.c,0x00013A52,0x00013AB6,2
rumor.c,0x00013C56,0x00013DB6,3
engsupp.c,0x00013F4B,0x0001478F,2
talk.c,0x00014AE8,0x0001889E,22
faction.c,0x0001B69D,0x0001DA2D,12
maploads.c,0x0001DAED,0x0001E928,10
tavern.c,0x0001F0C5,0x0001FB3F,7
region.c,0x0001FEBD,0x0001FEBD,1
daedra.c,0x000202C5,0x000202C5,1
song.c,0x000209F3,0x000209F3,1
crime.c,0x00020C87,0x000217E7,4
colstuff.c,0x000219B8,0x0002455D,5
career.c,0x000245EF,0x0002576B,5
mplace.c,0x0002599F,0x0002682B,2
automap.c,0x00026904,0x00028C72,17
qcom.c,0x00029958,0x0002B5EF,2
qkey.c,0x0002CE9E,0x0002CE9E,1
damage.c,0x0002ECBE,0x0002FA97,3
qmisc.c,0x0003053E,0x000310E1,3
qinit.c,0x00031B8A,0x000341E7,6
sky.c,0x000346C4,0x00035B3A,7
fs2df.c,0x00035D6D,0x00036DC9,4
spells.c,0x00037014,0x0003A0C0,14
intro.c,0x0003A325,0x0003B0B4,4
sheet.c,0x0003B1F3,0x0003CCA3,13
text.c,0x0003D412,0x0003F699,17
people.c,0x0004105A,0x00041455,2
pickbook.c,0x00041672,0x00041D27,4
keys.c,0x000425F2,0x00042E24,2
options.c,0x0004330A,0x0004478B,11
kludge.c,0x00044D03,0x00045FFB,7
parse.c,0x0004633F,0x0004A82A,12
tamriel.c,0x0004AA7D,0x0004AA7D,1
quests.c,0x0004BCFA,0x0004C787,7
note.c,0x0004D1E6,0x0004EC16,16
init.c,0x0004ECAE,0x00050F81,11
question.c,0x00051026,0x00051490,2
pflc.c,0x00051CF9,0x00052B50,9
custom.c,0x00052DC3,0x00055D93,9
itemmakr.c,0x00055F0F,0x00058B76,9
char.c,0x00058E15,0x00059973,3
book.c,0x00059B7B,0x0005A3BC,6
runspell.c,0x0005A91A,0x0005CA87,7
icons.c,0x0005CE17,0x0005DB95,5
equip.c,0x0005DE74,0x000614FB,9
monster.c,0x000622EB,0x00063FCF,7
links.c,0x00064337,0x0006480F,3
disease.c,0x00065937,0x0006770E,7
trade.c,0x00068731,0x000687C5,2
sound.c,0x00068BA8,0x000697E3,7
jmem.c,0x00069E9E,0x0006A606,6
logbook.c,0x0006A75C,0x0006B2E2,7
bank.c,0x0006B376,0x0006C818,5
disk.c,0x0006CB53,0x0006D873,13
guilds.c,0x0006DC35,0x00071518,7
rest.c,0x0007193D,0x0007212B,2
weapons.c,0x00072916,0x00073EDB,4
click.c,0x000744FD,0x00076952,10
moninit.c,0x00078566,0x000792C1,5
loadsave.c,0x00079A6E,0x0007C432,16
support.c,0x0007CB4F,0x00080051,12
intrface.c,0x000802B2,0x00081425,3
args.c,0x000827C3,0x000827C3,1
objlib.c,0x00084A7C,0x00085CFC,6
maplogic.c,0x00086314,0x00088A68,12
spfx.c,0x000892BB,0x0008B080,2
names.c,0x0008B572,0x0008BD50,4
inpstr.c,0x0008C2D7,0x0008C6E9,5
picklist.c,0x0008CA9A,0x0008D497,4
object.c,0x0008D8CC,0x0008E828,4
potions.c,0x0008EEBC,0x0009046D,7
generate.c,0x0009063D,0x00090FA1,4
inven.c,0x00092349,0x000993CB,18
int.c,0x00099490,0x0009957D,3
color.c,0x00099689,0x00099689,1
objcode.c,0x00099D75,0x0009A7B8,8
travel.c,0x0009AC43,0x0009D986,12
xxdef.c,0x000A2B64,0x000A2D9E,2
xerftrc.c,0x000B7622,0x000B7622,1
