function,kind,start,end,name,reason,every
*,exceptions,,,00 FD,"canonical C checks a divide instead of letting it fault: the asm's divide errors (and the return from XnGine's handler) are gone; the results are the handler's (Q-SYS-01, src/engine/arith.c)",
xn_vec_unit_to_angles_regs,memory,0C1F00,0C1F0C,xn_vec_angles_in,"scratch: the asm kept its input (x, y, z) here and read y back; nothing else reads it (config/xngine_boundary.csv: private)",
xn_mat_scaled_axes,memory,136E84,136E90,xn_mat_scaled_axes_in,"scratch: the asm kept its scales a, b, c here; nothing reads them",
xn_mat_from_angles,memory,13719F,1371AB,xn_mat_from_angles_tmp,scratch in code bytes: three products of sines and cosines the asm kept between its steps,
xn_math_triangle_y_at,memory,14BB00,14BB24,xn_math_tri_edges,"scratch: the edges e1, e2 and the query offset (xn_math_triangle_y_at, xn_vec_triangle_normal)",
xn_math_triangle_y_at,memory,14BB30,14BB3C,xn_math_tri_edges+30,scratch: the normal's y and the height's two terms,
xn_vec_blend,memory,14BB60,14BB68,xn_vec_blend_weights,scratch: the weights << 10,
xn_mat_mul_int,memory,15D165,15D16D,xn_mat_int_strides,scratch in code bytes: the row strides the product passed to its dot product (now parameters),
xn_mat_mul_fixed,memory,15D1E9,15D1F5,xn_mat_fixed_strides,scratch in code bytes: the row strides and the shift (xn_mat_fixed_shift) passed to the dot product,
xn_mat_mul_fixed64,memory,15D27C,15D286,xn_mat_fixed64_strides,scratch in code bytes: the row strides and the shift (xn_mat_fixed64_shift) passed to the dot product,
xn_dos_open,register,,,edx,"the path the asm left in EDX (the file_resolver's answer): no caller reads it (xn_dos_load_file, xn_dos_file_size and xn_dos_load_palette set EDX at once; the texture loader and the world never read it)",
xn_dos_file_exists,register,,,ebx,the closed handle the asm left in EBX: no caller reads it (xn_vid_play sets EBX at once; the C form returns the carry),
xn_dos_write,register,,,edx,"the buffer the asm left advanced past the whole 32K pieces in EDX: no caller reads it (the world editor's writes, dead, and the C form)",
xn_pal_find_nearest,memory,12B852,12B85A,xn_pal_best_dist,scratch: the nearest-colour searches kept their best distance and index here; canonical C keeps them in locals (config/xngine_boundary.csv: private),
xn_pal_find_nearest_hsv,memory,12B80C,12B812,xn_pal_hsv_target,scratch: the dead HSV search kept its target colour here for the comparisons; canonical C keeps its parameters (private),
xn_pal_rgb_to_hsv,memory,12B85A,12B874,xn_pal_hsv_scratch,"scratch: the RGB to HSV conversions (and the dead inverse) kept the colour, its largest and smallest components and their difference here; canonical C keeps them in locals (private)",
xn_pal_fade_to,memory,12BB78,12C778,xn_pal_fade_rgb,working storage of one fade: the 16.16 components; canonical C keeps them in pal.c's own arrays (private: nothing else reads them),
xn_pal_fade_to,memory,12C778,12D378,xn_pal_fade_step,working storage of one fade: the per-retrace steps; in pal.c's own arrays (private),
xn_font_draw_glyph,memory,12DD02,12DD03,xn_font_glyph_skip,"a self-patched operand (shl eax, SKIP): the bits to shift out of a row, a local in canonical C (code bytes: private)",
xn_font_draw_glyph,memory,12DD10,12DD14,xn_font_glyph_step,"a self-patched operand (add edi, STEP): the row step xn_gfx_width - w, computed where it is used (code bytes: private)",
xn_gfx_wait_vretraces,register,,,eax,dead (no caller): EAX is the retrace count run down to 0,
xn_gfx_get_cursor_pos,register,,,ecx ebx esi edi,"dead (no caller): the registers as the BIOS left them (CX the cursor's shape, EBX the page 0 it was given); the results are the row and column",
xn_gfx_set_cursor_pos,register,,,eax ecx edx ebx esi edi,dead (no caller): the registers it loaded for the BIOS and what the BIOS left,
xn_gfx_copy_and_clear,register,,,eax ecx esi edi,"its callers are canonical C (present, the banked present): the asm left the fill dword in EAX, ECX 0 and ESI EDI past the copy for the banked present's next bank; nothing reads them",
xn_gfx_copy_rows,register,,,ecx esi edi,its callers are canonical C: the asm left ECX 0 and ESI EDI past the copy (the banked present's next bank); nothing reads them,
xn_draw_image_scaled,memory,0C0600,0C061E,xn_draw_scaled_flags .. xn_draw_scaled_src_ofs,"the scaled image's arguments, steps, clip cuts and column offset as the asm kept them (words and bytes) for its row compiler, clip and unpacker; canonical C passes them as parameters and locals (config/xngine_boundary.csv: private)",
xn_draw_paperdoll_item,memory,0C0606,0C0612,xn_draw_scaled_src_w .. xn_draw_scaled_src,the paperdoll item handed its image to the unpacker through the scaled image's statics; canonical C passes it (private),
xn_draw_image_scaled,memory,0C08AD,0C08B1,xn_draw_scaled_bottom,"a self-patched operand (cmp edi, BOTTOM): the screen's end, a local (code bytes: private)",
xn_draw_image_scaled,memory,0C08B9,0C08BD,xn_draw_scaled_stride,"a self-patched operand (add esi, STRIDE): always 100h, a constant (code bytes: private)",
xn_draw_image_scaled,memory,0C08BE,0C08BF,xn_draw_scaled_yint_op,"a self-patched operand (mov bh, YINT): the y step's integer part, a local (code bytes: private)",
xn_draw_image_scaled,memory,xn_mem_work_block+0x0,xn_mem_work_block+0x1800,big_buffer (the scaled row's code),"the machine code of one scaled row the asm generated at big_buffer and ran; canonical C draws the same columns directly. The game never reads what the row compiler wrote (writer-private: build/xn_canon/group_b/boundary_extra.csv, tools/codegen_flow.py)",
xn_draw_image_scaled_row,memory,xn_mem_work_block+0x0,xn_mem_work_block+0x1800,big_buffer (the scaled row's code),"the same, in the row compiler's own records",
xn_draw_image_scaled_row,register,,,eax ecx dx bx bp,"its caller is canonical C (xn_draw_image_scaled): the asm left the last je displacement in EAX, the counts in ECX and BP, the accumulator in BX and the x step in DX for the asm runner; nothing reads them",
xn_draw_line_text_colour,memory,0CDE33,0CDE4F,xn_line_err_step_neg .. xn_line_y2,"the line's ends, error steps and the address of its x- or y-major loop (the asm jumped to it): locals in canonical C (private; the steps and the loop address unobserved: no object-1 reference, written only on the diagonal path no survey reached)",
xn_draw_line_clip,memory,153000,153008,xn_draw_line_dx .. xn_draw_line_dy,the clipped line's deltas the asm kept for its cuts: locals (private),
xn_draw_img_record,register,,,eax edx ebx,dead (no caller): the blit's leftover registers,
xn_draw_img_record_regs,register,,,eax edx ebx,its only caller is the dead xn_draw_img_record: the blit's leftover registers,
xn_draw_img_record_transparent,register,,,eax edx ebx,dead (no caller): the blit's leftover registers,
xn_draw_img_record_transparent_regs,register,,,eax edx ebx,its only caller is the dead xn_draw_img_record_transparent: the blit's leftover registers,
xn_draw_remap_rect_regs,register,,,eax ecx,its only caller is the dead xn_draw_remap_rect: the last colour in AL (EBP's other bytes) and the spent row count in ECX,
xn_img_rle_decode,register,,,ecx,"its callers are canonical C (xn_img_unpack_rows, xn_draw_cel_frame): the asm left ECX 0 (the counts in CX), on which the asm cel blitter's row loop relied (Q-DRAW-11)",
xn_vid_refill,register,,,ebx,its callers are canonical C: the asm left the file handle it gave DOS in BX,
xn_vid_fill,register,,,edx ebx,its callers are canonical C: the asm left the buffer and the file handle it gave DOS in EDX and BX,
xn_vid_finish,register,,,edx,its callers are canonical C: EDX as the timer removal left it (the asm threaded it into the next unlock: Q-VID-04),
xn_vid_audio_stop,register,,,edx,its callers are canonical C: EDX as the SOS stop call left it (Q-VID-04),
xn_vid_audio_start,memory,0C106B,0C106F,xn_vid_sample+5C (done),"the sample-done callback's address the player gives SOS: the C function's (xn_vid_audio_done_cb), where the asm gave its own entry (the sample descriptor is the engine's: private; SOS calls the callback through it)",
xn_vid_play,memory-own,188A9B,188AAE,MemCheck's last-call record (the game's),"Deviation D-VID-01: the unlocks the asm never made (a leftover size of 0) go through the game's dpmi_unlock_region, whose checked memset records its source line (86) in MemCheck's last-call location (0x188A9B file, 0x188A9F line): read only by MemCheck's own error reports",
xn_vid_finish,memory-own,188A9B,188AAE,MemCheck's last-call record (the game's),"Deviation D-VID-01: the same, for the audio buffers' unlocks",
xn_vid_play,flags,,,CF,"the asm's clc/stc (1 played, 0 not) is undone by the dpmi_unlock_region calls after it: CF comes back as their code leaves it (clear); no caller reads flags (the game's 8 sites read EBP ESI EDI)",
xn_gfx_vesa_blit_rect_banked,memory,15FFCC,15FFD0,xn_vesa_blit_dwords,"a self-patched operand (mov ecx, DW: w >> 2), computed where it is used (code bytes: private)",
xn_gfx_vesa_blit_rect_banked,memory,15FFD3,15FFD7,xn_vesa_blit_bytes,"a self-patched operand (mov ecx, B: w & 3) (code bytes: private)",
xn_gfx_vesa_blit_rect_banked,memory,15FFDB,15FFDF,xn_vesa_blit_skip,"a self-patched operand (add edi, SKIP: xn_gfx_width - w) (code bytes: private)",
xn_sky_draw_rain_streak_bottom_clip,memory,0C9EA0,0C9EA1,xn_sky_rain_restore_op,"code: the rain streak's restoring instruction, where the dead bottom-clip entry's 31-pixel run leaves its planted ret (Q-SKY-03, dropped); canonical C writes no code",
xn_water_draw,memory,12DE10,12DE18,xn_water_row,"scratch: the row being drawn and that row's jitter pointer, which xn_water_draw kept for xn_water_span (now a local and a parameter); nothing else reads them (config/xngine_boundary.csv: private)",
xn_water_clip_extent,memory,12F47A,12F49A,xn_water_line_p0,"scratch: the water line's two ends (xn_water_line_p0, _p1: view space, outcode, then 2^40 / z), passed from xn_water_clip_extent to xn_water_draw (now locals); private",
xn_water_draw,memory,12F976,12F97A,xn_water_row_inv_step,"code: the per-row step of the plane's 1/z, which xn_water_draw patched into its own row loop (now a local)",
xn_world_gen_river_body,memory,0C23B3,0C23B8,xn_world_last_dx,"scratch of the dead walkers: their last step and the paths' avoided step (xn_world_last_dx/_dy, xn_world_path_avoid_dx/_dy), now locals and a parameter of xn_world_steepest_neighbour; nothing else reads them",
xn_world_update,memory,0C23D8,0C23E9,xn_world_eye_sub_x,"scratch: the eye's square in its cell, its cell's column and row (xn_world_cell_slot, xn_world_cell_index) and the directions loaded (xn_world_loaded_dirs), passed to xn_world_update's loads in globals (now locals and parameters); private",
xn_world_read_cell,memory,0C28A3,0C28AB,xn_world_noise_amp,"scratch: the cell's noise amplitude and its half, which xn_world_read_cell kept for the heightmap (now computed there from the cell header); private",
xn_world_update,memory,0C28B3,0C28B4,xn_world_update_pass,scratch: xn_world_update's pass count (a local); private,
xn_world_gen_heightmap,memory,0C28D4,0C28F8,xn_world_gen_step,"scratch: the heightmap's square size and count, its walk over the work grid (xn_world_scratch_x/_y/_x2/_y2, which the terrain also borrowed for its texture origins and xn_terrain_height_at's point) and the slot being filled (xn_world_slot), now locals and parameters; private",
xn_world_shutdown,register,,,ebx,"the closed file's handle the asm leaves in EBX: its callers (the render group's shutdown, the game's exit) never read it",
xn_world_load_west,register,,,ebx,"the slot beside, which the asm computes in EBX: xn_world_update never reads it",
xn_world_load_east,register,,,ebx,"the slot beside, which the asm computes in EBX: xn_world_update never reads it",
xn_world_load_north,register,,,ebx,"the slot beside, which the asm computes in EBX: xn_world_update never reads it",
xn_world_load_south,register,,,ebx,"the slot beside, which the asm computes in EBX: xn_world_update never reads it",
xn_world_unpack_cell_slot,register,,,eax,the slot's byte offset the dead entry leaves in EAX: no caller,
xn_world_fix_lone_tiles,register,,,eax ebx,"the class lookups' register and the square's position the asm leaves (their upper halves: the row's outputs, which only xn_world_rock_slopes' unused upper EBX read)",
xn_terrain_transform_grid,memory,13E98A,13E98E,xn_tgrid_row_x,"code: the grid walker's state, a patched operand of its own code (smc TERRAIN-GRID); now a local",
xn_terrain_transform_grid,memory,13E994,13E998,xn_tgrid_row_y,"code: the grid walker's state, a patched operand of its own code (smc TERRAIN-GRID); now a local",
xn_terrain_transform_grid,memory,13E99E,13E9A2,xn_tgrid_row_z,"code: the grid walker's state, a patched operand of its own code (smc TERRAIN-GRID); now a local",
xn_terrain_transform_grid,memory,13E9B7,13E9BB,xn_tgrid_x,"code: the grid walker's state, a patched operand of its own code (smc TERRAIN-GRID); now a local",
xn_terrain_transform_grid,memory,13E9BE,13E9C2,xn_tgrid_y,"code: the grid walker's state, a patched operand of its own code (smc TERRAIN-GRID); now a local",
xn_terrain_transform_grid,memory,13E9C3,13E9C7,xn_tgrid_z,"code: the grid walker's state, a patched operand of its own code (smc TERRAIN-GRID); now a local",
xn_terrain_transform_grid,memory,13EAC8,13EACC,xn_tgrid_col_dx,"code: the grid walker's state, a patched operand of its own code (smc TERRAIN-GRID); now a local",
xn_terrain_transform_grid,memory,13EAD2,13EAD6,xn_tgrid_col_dy,"code: the grid walker's state, a patched operand of its own code (smc TERRAIN-GRID); now a local",
xn_terrain_transform_grid,memory,13EADC,13EAE0,xn_tgrid_col_dz,"code: the grid walker's state, a patched operand of its own code (smc TERRAIN-GRID); now a local",
xn_terrain_transform_grid,memory,13EAE7,13EAEB,xn_tgrid_row_end,"code: the grid walker's state, a patched operand of its own code (smc TERRAIN-GRID); now a local",
xn_terrain_transform_grid,memory,13EAF7,13EAFB,xn_tgrid_row_dx,"code: the grid walker's state, a patched operand of its own code (smc TERRAIN-GRID); now a local",
xn_terrain_transform_grid,memory,13EB01,13EB05,xn_tgrid_row_dy,"code: the grid walker's state, a patched operand of its own code (smc TERRAIN-GRID); now a local",
xn_terrain_transform_grid,memory,13EB0B,13EB0F,xn_tgrid_row_dz,"code: the grid walker's state, a patched operand of its own code (smc TERRAIN-GRID); now a local",
xn_terrain_transform_grid,memory,13EB16,13EB1A,xn_tgrid_end,"code: the grid walker's state, a patched operand of its own code (smc TERRAIN-GRID); now a local",
xn_terrain_draw_cells,memory,13F06A,13F06E,xn_tcells_setup_a,"code: the cells' span setup and ground archive, patched operands of its own code (smc TERRAIN-CELLS); now locals",
xn_terrain_draw_cells,memory,13F0A2,13F0A6,xn_tcells_archive_a,"code: the cells' span setup and ground archive, patched operands of its own code (smc TERRAIN-CELLS); now locals",
xn_terrain_draw_cells,memory,13F0E3,13F0E7,xn_tcells_setup_b,"code: the cells' span setup and ground archive, patched operands of its own code (smc TERRAIN-CELLS); now locals",
xn_terrain_draw_cells,memory,13F11B,13F11F,xn_tcells_archive_b,"code: the cells' span setup and ground archive, patched operands of its own code (smc TERRAIN-CELLS); now locals",
xn_terrain_draw_cells,memory,13F182,13F186,xn_tcells_setup_c,"code: the cells' span setup and ground archive, patched operands of its own code (smc TERRAIN-CELLS); now locals",
xn_terrain_draw_cells,memory,13F1BA,13F1BE,xn_tcells_archive_c,"code: the cells' span setup and ground archive, patched operands of its own code (smc TERRAIN-CELLS); now locals",
xn_terrain_face_plane_a,memory,12028C,120290,xn_pick_view_y,"scratch: the face planes kept an edge's y in the shared scratch vectors (a.y; private); a.z (pick_distance, game-visible) is still written: Q-TERRAIN-02",
xn_terrain_face_plane_a,memory,120294,1202A0,xn_scratch_vec_b,scratch: the face planes kept their second edge in the shared scratch vectors (b; private),
xn_terrain_u_axis_x,register,,,ecx,the origin the asm leaves in ECX: xn_terrain_draw_cells never reads it,
xn_terrain_u_axis_z,register,,,ecx,the origin the asm leaves in ECX: xn_terrain_draw_cells never reads it,
xn_terrain_u_axis_neg_x,register,,,ecx,the origin the asm leaves in ECX: xn_terrain_draw_cells never reads it,
xn_terrain_u_axis_neg_z,register,,,ecx,the origin the asm leaves in ECX: xn_terrain_draw_cells never reads it,
xn_terrain_v_axis_z,register,,,ecx,the origin the asm leaves in ECX: xn_terrain_draw_cells never reads it,
xn_terrain_v_axis_x,register,,,ecx,the origin the asm leaves in ECX: xn_terrain_draw_cells never reads it,
xn_terrain_v_axis_neg_z,register,,,ecx,the origin the asm leaves in ECX: xn_terrain_draw_cells never reads it,
xn_terrain_v_axis_neg_x,register,,,ecx,the origin the asm leaves in ECX: xn_terrain_draw_cells never reads it,
xn_collide_segment_model,memory,14A100,14A249,xn_collide_work,"scratch: the collision tests' working state (the matrices, the segment or probe in model space, the mode, the hit's t, the sphere builder's grid; xn_terrain_height_at's ground triangle in its first 36 bytes), passed between their steps in globals (now locals and parameters); private",
xn_collide_segment_model,memory,14A68F,14A6B3,xn_collide_seg,"scratch in code bytes: xn_collide_segment_model's own variables (the model's points and normals, the face lists' pointers and count, the hit list's pointers); now locals",
xn_collide_model_model,memory,14AA66,14AA92,xn_collide_detail,scratch in code bytes: the dead detailed model-model test's lists (unobserved); now locals,
xn_collide_spheres_model,memory,14AF0C,14AF30,xn_collide_sph,scratch in code bytes: xn_collide_spheres_model's own variables; now locals,
xn_collide_spheres_spheres,memory,14B193,14B19B,xn_collide_ss_hits,scratch in code bytes: the dead probe-probe test's hit list pointers (unobserved); now locals,
xn_collide_segment_flat,memory,14B453,14B45B,xn_collide_flat_height,scratch in code bytes: the flat's height and width (unobserved); now locals,
xn_collide_build_model_spheres,memory,14BA7D,14BA95,xn_collide_build,scratch in code bytes: the dead sphere builder's walk over the model; now locals,
xn_collide_segment_plane,memory,14BB24,14BB30,xn_collide_mid,"scratch: the approximate segment test's middle and the plane-plane test's plane constants (xn_collide_mid; its last 12 bytes, 14BB30, are the pilot's triangle scratch row); now locals; private",
xn_collide_segment_plane,memory,14BB3C,14BB60,xn_collide_normal,"scratch: the plane and sphere tests' shared vectors (xn_collide_normal, xn_collide_vec_a, xn_collide_vec_b), where the asm kept a normal, a centre or a difference between its steps; now locals (math.c's dead xn_math_plane_y_at still leaves its normal there); private",
xn_collide_plane_plane_line,memory,14C6FD,14C711,xn_collide_ppl_axis,scratch in code bytes: the dead plane-plane intersection's arguments and axis; now parameters and a local,
xn_collide_point_in_face,memory,15C500,15C524,xn_collide_edge_v0,scratch: the face tests' edge vectors and test point; now locals; private,
xn_collide_point_in_face,memory,15CC2E,15CC36,xn_collide_face_normal_ptr,scratch in code bytes: the face test's normal and points pointers; now parameters,
xn_collide_face_area,memory,15CE76,15CE7E,xn_collide_area_points,scratch in code bytes: the dead face area's points and last fan index; now locals,
xn_collide_face_test_edges,memory,15CED6,15CEDE,xn_collide_edge_first,scratch in code bytes: the edge test's first point and points; now locals,
xn_collide_face_test_vertices,memory,15CF11,15CF15,xn_collide_vertex_points,scratch in code bytes: the dead vertex test's points (unobserved); now a parameter,
xn_collide_point_in_face_v2,memory,1202A0,1202AC,xn_pick_flat_x,scratch: the dead face test v2 kept its point in the shared scratch vectors (flat; private); now a parameter,
xn_collide_segment_sphere_fx,register,,,esi,"what the asm leaves in ESI (an end, or |b|^2): only the dead register chain xn_collide_ref_helpers would read it",
xn_collide_segment_sphere,register,,,edx ebx,"the centre's y and z, |a|^2 and the last product or remainder the asm leaves in EDX, EBX: no caller reads them",
xn_collide_sphere_plane,register,,,ebx,the low dword of the x and y products' sum the asm leaves in EBX: only the dead register chain xn_collide_ref_helpers would read it,
xn_collide_sphere_sphere,register,,,edx ebx,the result again (EDX) and the low dword of d^2 (EBX) the asm leaves: no caller reads them,
xn_collide_point_in_sphere_approx,register,,,edx ebx,"the approximate length's y and z terms the asm leaves in EDX, EBX: no caller reads them",
xn_collide_point_in_face,register,,,edx ebx esi edi,"the edge it stopped at, the edge table and the cross product's y and z the asm leaves: only the dead register chain xn_collide_ref_helpers would read them",
xn_collide_face_test_edges,register,,,ecx esi edi,"the radius, the edge test's ESI and the slot it stopped at, which the asm leaves: no caller reads them",
xn_collide_ref_helpers,register,,,eax ecx edx ebx esi edi,"the dead stub's register chain: what the three helpers leave (Q-COLL-07, dropped)",
xn_collide_build_model_spheres,register,,,edx,the dead tool's count on its failures: the asm leaves its last remainder or node there,
xn_span_solid_lit,memory,155984,155988,xn_span_solid_lit_dz16,"a self-patched operand: the asm kept this value of its call in its own code for later in the same call (a loop's end, a step, the texture origin, the colour); a local in canonical C (code bytes: private)",
xn_span_solid_lit,memory,1559B9,1559BA,xn_span_solid_lit_colour,"a self-patched operand: the asm kept this value of its call in its own code for later in the same call (a loop's end, a step, the texture origin, the colour); a local in canonical C (code bytes: private)",
xn_span_solid_lit,memory,155A21,155A25,xn_span_solid_lit_end,"a self-patched operand: the asm kept this value of its call in its own code for later in the same call (a loop's end, a step, the texture origin, the colour); a local in canonical C (code bytes: private)",
xn_span_tex_8,memory,155DC7,155DCB,xn_span_tex8_dz,"a self-patched operand: the asm kept this value of its call in its own code for later in the same call (a loop's end, a step, the texture origin, the colour); a local in canonical C (code bytes: private)",
xn_span_tex_8,memory,155DD1,155DD5,xn_span_tex8_dv,"a self-patched operand: the asm kept this value of its call in its own code for later in the same call (a loop's end, a step, the texture origin, the colour); a local in canonical C (code bytes: private)",
xn_span_tex_8,memory,155DDB,155DDF,xn_span_tex8_du,"a self-patched operand: the asm kept this value of its call in its own code for later in the same call (a loop's end, a step, the texture origin, the colour); a local in canonical C (code bytes: private)",
xn_span_tex_8,memory,155E2B,155E2F,xn_span_tex8_origin,"a self-patched operand: the asm kept this value of its call in its own code for later in the same call (a loop's end, a step, the texture origin, the colour); a local in canonical C (code bytes: private)",
xn_span_tex_8,memory,155EBD,155EC1,xn_span_tex8_end,"a self-patched operand: the asm kept this value of its call in its own code for later in the same call (a loop's end, a step, the texture origin, the colour); a local in canonical C (code bytes: private)",
xn_span_tex_16,memory,156017,15601B,xn_span_tex16_dz,"a self-patched operand: the asm kept this value of its call in its own code for later in the same call (a loop's end, a step, the texture origin, the colour); a local in canonical C (code bytes: private)",
xn_span_tex_16,memory,156021,156025,xn_span_tex16_dv,"a self-patched operand: the asm kept this value of its call in its own code for later in the same call (a loop's end, a step, the texture origin, the colour); a local in canonical C (code bytes: private)",
xn_span_tex_16,memory,15602B,15602F,xn_span_tex16_du,"a self-patched operand: the asm kept this value of its call in its own code for later in the same call (a loop's end, a step, the texture origin, the colour); a local in canonical C (code bytes: private)",
xn_span_tex_16,memory,15607B,15607F,xn_span_tex16_origin,"a self-patched operand: the asm kept this value of its call in its own code for later in the same call (a loop's end, a step, the texture origin, the colour); a local in canonical C (code bytes: private)",
xn_span_tex_16,memory,15618D,156191,xn_span_tex16_end,"a self-patched operand: the asm kept this value of its call in its own code for later in the same call (a loop's end, a step, the texture origin, the colour); a local in canonical C (code bytes: private)",
xn_span_tex_shaded_8,memory,156510,156514,xn_span_texsh8_dz,"a self-patched operand: the asm kept this value of its call in its own code for later in the same call (a loop's end, a step, the texture origin, the colour); a local in canonical C (code bytes: private)",
xn_span_tex_shaded_8,memory,15651A,15651E,xn_span_texsh8_dv,"a self-patched operand: the asm kept this value of its call in its own code for later in the same call (a loop's end, a step, the texture origin, the colour); a local in canonical C (code bytes: private)",
xn_span_tex_shaded_8,memory,156524,156528,xn_span_texsh8_du,"a self-patched operand: the asm kept this value of its call in its own code for later in the same call (a loop's end, a step, the texture origin, the colour); a local in canonical C (code bytes: private)",
xn_span_tex_shaded_8,memory,156577,15657B,xn_span_texsh8_origin,"a self-patched operand: the asm kept this value of its call in its own code for later in the same call (a loop's end, a step, the texture origin, the colour); a local in canonical C (code bytes: private)",
xn_span_tex_shaded_8,memory,156625,156629,xn_span_texsh8_end,"a self-patched operand: the asm kept this value of its call in its own code for later in the same call (a loop's end, a step, the texture origin, the colour); a local in canonical C (code bytes: private)",
xn_span_tex_shaded_16,memory,156774,156778,xn_span_texsh16_dz,"a self-patched operand: the asm kept this value of its call in its own code for later in the same call (a loop's end, a step, the texture origin, the colour); a local in canonical C (code bytes: private)",
xn_span_tex_shaded_16,memory,15677E,156782,xn_span_texsh16_dv,"a self-patched operand: the asm kept this value of its call in its own code for later in the same call (a loop's end, a step, the texture origin, the colour); a local in canonical C (code bytes: private)",
xn_span_tex_shaded_16,memory,156788,15678C,xn_span_texsh16_du,"a self-patched operand: the asm kept this value of its call in its own code for later in the same call (a loop's end, a step, the texture origin, the colour); a local in canonical C (code bytes: private)",
xn_span_tex_shaded_16,memory,1567DB,1567DF,xn_span_texsh16_origin,"a self-patched operand: the asm kept this value of its call in its own code for later in the same call (a loop's end, a step, the texture origin, the colour); a local in canonical C (code bytes: private)",
xn_span_tex_shaded_16,memory,156921,156925,xn_span_texsh16_end,"a self-patched operand: the asm kept this value of its call in its own code for later in the same call (a loop's end, a step, the texture origin, the colour); a local in canonical C (code bytes: private)",
xn_span_tex_lit,memory,156B7E,156B82,xn_span_texlit_du,"a self-patched operand: the asm kept this value of its call in its own code for later in the same call (a loop's end, a step, the texture origin, the colour); a local in canonical C (code bytes: private)",
xn_span_tex_lit,memory,156B88,156B8C,xn_span_texlit_dv,"a self-patched operand: the asm kept this value of its call in its own code for later in the same call (a loop's end, a step, the texture origin, the colour); a local in canonical C (code bytes: private)",
xn_span_tex_lit,memory,156B8E,156B92,xn_span_texlit_dz,"a self-patched operand: the asm kept this value of its call in its own code for later in the same call (a loop's end, a step, the texture origin, the colour); a local in canonical C (code bytes: private)",
xn_span_tex_lit,memory,156BF4,156BF8,xn_span_texlit_origin,"a self-patched operand: the asm kept this value of its call in its own code for later in the same call (a loop's end, a step, the texture origin, the colour); a local in canonical C (code bytes: private)",
xn_span_tex_lit,memory,156C10,156C14,xn_span_texlit_end,"a self-patched operand: the asm kept this value of its call in its own code for later in the same call (a loop's end, a step, the texture origin, the colour); a local in canonical C (code bytes: private)",
xn_span_tex64,memory,156EE9,156EED,xn_span_tex64_dz,"a self-patched operand: the asm kept this value of its call in its own code for later in the same call (a loop's end, a step, the texture origin, the colour); a local in canonical C (code bytes: private)",
xn_span_tex64,memory,156EEE,156EF2,xn_span_tex64_du,"a self-patched operand: the asm kept this value of its call in its own code for later in the same call (a loop's end, a step, the texture origin, the colour); a local in canonical C (code bytes: private)",
xn_span_tex64,memory,156EF4,156EF8,xn_span_tex64_dv,"a self-patched operand: the asm kept this value of its call in its own code for later in the same call (a loop's end, a step, the texture origin, the colour); a local in canonical C (code bytes: private)",
xn_span_tex64,memory,156F19,156F1D,xn_span_tex64_origin,"a self-patched operand: the asm kept this value of its call in its own code for later in the same call (a loop's end, a step, the texture origin, the colour); a local in canonical C (code bytes: private)",
xn_span_tex64_shaded,memory,1572D6,1572DA,xn_span_tex64sh_dz,"a self-patched operand: the asm kept this value of its call in its own code for later in the same call (a loop's end, a step, the texture origin, the colour); a local in canonical C (code bytes: private)",
xn_span_tex64_shaded,memory,1572DB,1572DF,xn_span_tex64sh_du,"a self-patched operand: the asm kept this value of its call in its own code for later in the same call (a loop's end, a step, the texture origin, the colour); a local in canonical C (code bytes: private)",
xn_span_tex64_shaded,memory,1572E1,1572E5,xn_span_tex64sh_dv,"a self-patched operand: the asm kept this value of its call in its own code for later in the same call (a loop's end, a step, the texture origin, the colour); a local in canonical C (code bytes: private)",
xn_span_tex64_shaded,memory,157306,15730A,xn_span_tex64sh_origin,"a self-patched operand: the asm kept this value of its call in its own code for later in the same call (a loop's end, a step, the texture origin, the colour); a local in canonical C (code bytes: private)",
xn_span_tex64_shaded,memory,15730B,15730F,xn_span_tex64sh_row,"a self-patched operand: the asm kept this value of its call in its own code for later in the same call (a loop's end, a step, the texture origin, the colour); a local in canonical C (code bytes: private)",
xn_span_tex64_shaded,memory,157486,15748A,xn_span_tex64sh_end,"a self-patched operand: the asm kept this value of its call in its own code for later in the same call (a loop's end, a step, the texture origin, the colour); a local in canonical C (code bytes: private)",
xn_span_flat_transparent_shaded,memory,157918,15791C,xn_span_flat_shaded_rem,"a self-patched operand: the asm kept this value of its call in its own code for later in the same call (a loop's end, a step, the texture origin, the colour); a local in canonical C (code bytes: private)",
xn_span_flat_lit_fogged,memory,157B99,157B9D,xn_span_flat_fogged_step,"a self-patched operand: the asm kept this value of its call in its own code for later in the same call (a loop's end, a step, the texture origin, the colour); a local in canonical C (code bytes: private)",
xn_span_flat_lit_fogged,memory,157C58,157C5C,xn_span_flat_fogged_rem,"a self-patched operand: the asm kept this value of its call in its own code for later in the same call (a loop's end, a step, the texture origin, the colour); a local in canonical C (code bytes: private)",
xn_span_flat_translucent,memory,157E98,157E9C,xn_span_flat_translucent_step,"a self-patched operand: the asm kept this value of its call in its own code for later in the same call (a loop's end, a step, the texture origin, the colour); a local in canonical C (code bytes: private)",
xn_span_flat_translucent,memory,157F67,157F6B,xn_span_flat_translucent_rem,"a self-patched operand: the asm kept this value of its call in its own code for later in the same call (a loop's end, a step, the texture origin, the colour); a local in canonical C (code bytes: private)",
xn_span_solid_lit,memory,155911,155915,xn_span_solid_lit_shade,"scratch: the shade at the last 16-pixel boundary, kept between the asm's blocks; a local (private)",
xn_span_tex_8,memory,155B00,155B10,xn_span_tex_u_num .. xn_span_tex_v_prev,"scratch: the unshaded textured spans' u/z and v/z numerators and last u, v, kept between their blocks and read by their tail; locals (private)",
xn_span_tex_shaded_8,memory,156300,156314,xn_span_tex_shaded_u_num .. xn_span_tex_shaded_row,"scratch: the shaded textured spans' numerators, last u, v and shade row, kept between their blocks and read by their tail; locals (private)",
xn_span_tex_lit,memory,156A40,156A64,xn_span_tex_lit_tmap .. xn_span_tex_lit_ray_x,"scratch: the lit textured span's mapper copy, shader, shades, numerators, last u, v and x ray, kept between its blocks; locals (private)",
xn_render_init,memory,155D34,155D38,the 1/z table's operand,"the 1/z table's address, which the asm patched into the 25 span routines that index it; canonical C's span routines read xn_render_recip_table, which holds the same address (code bytes: private)",
xn_render_init,memory,155DEC,155DF0,the 1/z table's operand,"the 1/z table's address, which the asm patched into the 25 span routines that index it; canonical C's span routines read xn_render_recip_table, which holds the same address (code bytes: private)",
xn_render_init,memory,155EDD,155EE1,the 1/z table's operand,"the 1/z table's address, which the asm patched into the 25 span routines that index it; canonical C's span routines read xn_render_recip_table, which holds the same address (code bytes: private)",
xn_render_init,memory,155F84,155F88,the 1/z table's operand,"the 1/z table's address, which the asm patched into the 25 span routines that index it; canonical C's span routines read xn_render_recip_table, which holds the same address (code bytes: private)",
xn_render_init,memory,15603C,156040,the 1/z table's operand,"the 1/z table's address, which the asm patched into the 25 span routines that index it; canonical C's span routines read xn_render_recip_table, which holds the same address (code bytes: private)",
xn_render_init,memory,1561AD,1561B1,the 1/z table's operand,"the 1/z table's address, which the asm patched into the 25 span routines that index it; canonical C's span routines read xn_render_recip_table, which holds the same address (code bytes: private)",
xn_render_init,memory,15647D,156481,the 1/z table's operand,"the 1/z table's address, which the asm patched into the 25 span routines that index it; canonical C's span routines read xn_render_recip_table, which holds the same address (code bytes: private)",
xn_render_init,memory,156535,156539,the 1/z table's operand,"the 1/z table's address, which the asm patched into the 25 span routines that index it; canonical C's span routines read xn_render_recip_table, which holds the same address (code bytes: private)",
xn_render_init,memory,156645,156649,the 1/z table's operand,"the 1/z table's address, which the asm patched into the 25 span routines that index it; canonical C's span routines read xn_render_recip_table, which holds the same address (code bytes: private)",
xn_render_init,memory,1566E1,1566E5,the 1/z table's operand,"the 1/z table's address, which the asm patched into the 25 span routines that index it; canonical C's span routines read xn_render_recip_table, which holds the same address (code bytes: private)",
xn_render_init,memory,156799,15679D,the 1/z table's operand,"the 1/z table's address, which the asm patched into the 25 span routines that index it; canonical C's span routines read xn_render_recip_table, which holds the same address (code bytes: private)",
xn_render_init,memory,156941,156945,the 1/z table's operand,"the 1/z table's address, which the asm patched into the 25 span routines that index it; canonical C's span routines read xn_render_recip_table, which holds the same address (code bytes: private)",
xn_render_init,memory,156AB7,156ABB,the 1/z table's operand,"the 1/z table's address, which the asm patched into the 25 span routines that index it; canonical C's span routines read xn_render_recip_table, which holds the same address (code bytes: private)",
xn_render_init,memory,156B9F,156BA3,the 1/z table's operand,"the 1/z table's address, which the asm patched into the 25 span routines that index it; canonical C's span routines read xn_render_recip_table, which holds the same address (code bytes: private)",
xn_render_init,memory,156C40,156C44,the 1/z table's operand,"the 1/z table's address, which the asm patched into the 25 span routines that index it; canonical C's span routines read xn_render_recip_table, which holds the same address (code bytes: private)",
xn_render_init,memory,156E74,156E78,the 1/z table's operand,"the 1/z table's address, which the asm patched into the 25 span routines that index it; canonical C's span routines read xn_render_recip_table, which holds the same address (code bytes: private)",
xn_render_init,memory,156F07,156F0B,the 1/z table's operand,"the 1/z table's address, which the asm patched into the 25 span routines that index it; canonical C's span routines read xn_render_recip_table, which holds the same address (code bytes: private)",
xn_render_init,memory,157090,157094,the 1/z table's operand,"the 1/z table's address, which the asm patched into the 25 span routines that index it; canonical C's span routines read xn_render_recip_table, which holds the same address (code bytes: private)",
xn_render_init,memory,157254,157258,the 1/z table's operand,"the 1/z table's address, which the asm patched into the 25 span routines that index it; canonical C's span routines read xn_render_recip_table, which holds the same address (code bytes: private)",
xn_render_init,memory,1572F4,1572F8,the 1/z table's operand,"the 1/z table's address, which the asm patched into the 25 span routines that index it; canonical C's span routines read xn_render_recip_table, which holds the same address (code bytes: private)",
xn_render_init,memory,1574B1,1574B5,the 1/z table's operand,"the 1/z table's address, which the asm patched into the 25 span routines that index it; canonical C's span routines read xn_render_recip_table, which holds the same address (code bytes: private)",
xn_render_init,memory,15762E,157632,the 1/z table's operand,"the 1/z table's address, which the asm patched into the 25 span routines that index it; canonical C's span routines read xn_render_recip_table, which holds the same address (code bytes: private)",
xn_render_init,memory,15780E,157812,the 1/z table's operand,"the 1/z table's address, which the asm patched into the 25 span routines that index it; canonical C's span routines read xn_render_recip_table, which holds the same address (code bytes: private)",
xn_render_init,memory,157B2E,157B32,the 1/z table's operand,"the 1/z table's address, which the asm patched into the 25 span routines that index it; canonical C's span routines read xn_render_recip_table, which holds the same address (code bytes: private)",
xn_render_init,memory,157E2E,157E32,the 1/z table's operand,"the 1/z table's address, which the asm patched into the 25 span routines that index it; canonical C's span routines read xn_render_recip_table, which holds the same address (code bytes: private)",
xn_render_frame,memory,155944,155948,xn_span_solid_lit_ray_a,"the row's y ray (xn_cam_dir_y_mid[xn_render_row_y]), which the asm frame patched into the lit spans for each row; canonical C's spans take it from the row (code bytes: private)",
xn_render_frame,memory,15599B,15599F,xn_span_solid_lit_ray_b,"the row's y ray (xn_cam_dir_y_mid[xn_render_row_y]), which the asm frame patched into the lit spans for each row; canonical C's spans take it from the row (code bytes: private)",
xn_render_frame,memory,155A4B,155A4F,xn_span_solid_lit_ray_c,"the row's y ray (xn_cam_dir_y_mid[xn_render_row_y]), which the asm frame patched into the lit spans for each row; canonical C's spans take it from the row (code bytes: private)",
xn_render_frame,memory,156AC9,156ACD,xn_span_texlit_ray_a,"the row's y ray (xn_cam_dir_y_mid[xn_render_row_y]), which the asm frame patched into the lit spans for each row; canonical C's spans take it from the row (code bytes: private)",
xn_render_frame,memory,156BAE,156BB2,xn_span_texlit_ray_b,"the row's y ray (xn_cam_dir_y_mid[xn_render_row_y]), which the asm frame patched into the lit spans for each row; canonical C's spans take it from the row (code bytes: private)",
xn_render_frame,memory,156C59,156C5D,xn_span_texlit_ray_c,"the row's y ray (xn_cam_dir_y_mid[xn_render_row_y]), which the asm frame patched into the lit spans for each row; canonical C's spans take it from the row (code bytes: private)",
xn_render_frame,memory,12A950,12A954,xn_render_frame_width,"a self-patched operand (add edi, WIDTH): the screen's width, read where it is used (code bytes: private)",
xn_render_frame,memory,12A963,12A967,xn_render_frame_end_row,"a self-patched operand (cmp row_y, END): the last row, a local (code bytes: private)",
xn_render_begin_frame,memory,15BC61,15BC65,xn_light_ambient_row_op,the frame's ambient row as the asm patched it into xn_light_setup_poly; canonical C keeps it in light.c's xn_light_ambient_row (code bytes: private; adopted: group C's adopt.csv),
xn_render_begin_frame,memory,155636,15563A,xn_flat_ambient_row,"the same row as the asm patched it into xn_flat_span_light_setup (group D's), which reads light.c's xn_light_ambient_row in canonical C (code bytes: private)",
xn_render_begin_frame,memory,15BBB9,15BBBA,xn_poly_subdiv_shift,"the textured setup's subdivision shift (18 at 320 pixels wide, else 25), patched into xn_poly_setup_textured; group D's canonical setup computes it (a code byte: private)",
xn_render_begin_frame,memory,0CEA54,0CEA58,xn_render_unused_54,zeroed every frame and never read by any code (private),
xn_render_set_mode,memory,12A009,12A019,xn_render_span_setups,the asm's copy of the render mode's five setups; canonical C picks them from its constant tables by xn_render_mode (no game reference: config/xngine_boundary.csv unobserved),
xn_light_build_shader_1,memory,0DB328,0DB334,xn_poly.shader_falloff (+08h..+13h),the falloffs the asm's compiled shader read from its polygon; canonical C keeps them in the shader record (the polygons' +08h.. are private: config/xngine_boundary.csv),64*1000
xn_light_build_shader_1,memory,0DB334,0DB338,xn_poly.shader (+14h),"a lit polygon's shader: the asm's compiled copy in big_buffer, canonical C's record in light.c's frame pool (private)",64*1000
xn_render_begin_frame,memory,0DB35C,0DB360,"xn_poly.span_fn, xn_flat.span (+3Ch)","the polygons' and flats' span routines: the asm entries' addresses in the asm, the C functions' in canonical C; the background polygon has none (the frame stops at the sentinel span) (private)",64*1000
xn_light_build_shader_1,memory,136C30,136DDC,xn_light_tmpl_1 .. xn_light_tmpl_3,"the three light-shader templates (code), which the asm patched in place (the lights, the polygon's falloff fields, the base row; xn_light_init the falloff table, xn_shade_load the clamp) before copying them; canonical C writes no code (private)",
xn_light_setup_poly,memory,158C28,158C68,xn_light_point_intensity .. xn_light_shade_row,scratch: the point lights' slots and the shade row the asm's light setup passed between its steps; locals of xn_light_setup_poly (private),
xn_tmap_pool_alloc,memory,15C154,15C158,xn_tmap_pool_end,"the pool's slots' address + 10000h, which nothing reads (private)",
xn_tmap_compile,memory,15C300,15C4A2,xn_tmap_template,"the texture mapper's template (code), which the asm patched in place with each texture's mask and texels before copying it; canonical C writes no code (private)",
xn_tmap_compile,memory,xn_tmap_pool_block+0x0,xn_tmap_pool_block+0x4E620,xn_tmap_pool (the mappers),the texture mappers the asm compiled into the pool's slots (and rebased); canonical C's mapper takes the texels and the mask from the polygon and writes nothing there (the pool is private: config/xngine_boundary.csv),
xn_tmap_rebase,memory,xn_tmap_pool_block+0x0,xn_tmap_pool_block+0x4E620,xn_tmap_pool (the mappers),the texture mappers the asm compiled into the pool's slots (and rebased); canonical C's mapper takes the texels and the mask from the polygon and writes nothing there (the pool is private: config/xngine_boundary.csv),
xn_tex_load_archive,memory,xn_tmap_pool_block+0x0,xn_tmap_pool_block+0x4E620,xn_tmap_pool (the mappers),the texture mappers the asm compiled into the pool's slots (and rebased); canonical C's mapper takes the texels and the mask from the polygon and writes nothing there (the pool is private: config/xngine_boundary.csv),
xn_tex_cache_lookup,memory,xn_tmap_pool_block+0x0,xn_tmap_pool_block+0x4E620,xn_tmap_pool (the mappers),the texture mappers the asm compiled into the pool's slots (and rebased); canonical C's mapper takes the texels and the mask from the polygon and writes nothing there (the pool is private: config/xngine_boundary.csv),
xn_render_frame,memory,xn_tmap_pool_block+0x0,xn_tmap_pool_block+0x4E620,xn_tmap_pool (the mappers),the texture mappers the asm compiled into the pool's slots (and rebased); canonical C's mapper takes the texels and the mask from the polygon and writes nothing there (the pool is private: config/xngine_boundary.csv),
xn_shade_set_fog,memory,150056,15005A,xn_fog_inv_start_a,"a fog constant the asm patched into xn_shade_fog_span; canonical C's fog computes it from xn_fog_start, xn_fog_step and xn_fog_table_last, which hold the same values whenever the fog is on (code bytes: private)",
xn_shade_set_fog,memory,150071,150075,xn_fog_inv_start_b,"a fog constant the asm patched into xn_shade_fog_span; canonical C's fog computes it from xn_fog_start, xn_fog_step and xn_fog_table_last, which hold the same values whenever the fog is on (code bytes: private)",
xn_shade_set_fog,memory,15009B,15009F,xn_fog_step_a,"a fog constant the asm patched into xn_shade_fog_span; canonical C's fog computes it from xn_fog_start, xn_fog_step and xn_fog_table_last, which hold the same values whenever the fog is on (code bytes: private)",
xn_shade_set_fog,memory,1500BC,1500C0,xn_fog_step_b,"a fog constant the asm patched into xn_shade_fog_span; canonical C's fog computes it from xn_fog_start, xn_fog_step and xn_fog_table_last, which hold the same values whenever the fog is on (code bytes: private)",
xn_shade_set_fog,memory,1500D7,1500DB,xn_fog_start_step_a,"a fog constant the asm patched into xn_shade_fog_span; canonical C's fog computes it from xn_fog_start, xn_fog_step and xn_fog_table_last, which hold the same values whenever the fog is on (code bytes: private)",
xn_shade_set_fog,memory,1500DF,1500E3,xn_fog_table_last_a,"a fog constant the asm patched into xn_shade_fog_span; canonical C's fog computes it from xn_fog_start, xn_fog_step and xn_fog_table_last, which hold the same values whenever the fog is on (code bytes: private)",
xn_shade_set_fog,memory,1500FA,1500FE,xn_fog_inv_start_c,"a fog constant the asm patched into xn_shade_fog_span; canonical C's fog computes it from xn_fog_start, xn_fog_step and xn_fog_table_last, which hold the same values whenever the fog is on (code bytes: private)",
xn_shade_set_fog,memory,150103,150107,xn_fog_step_c,"a fog constant the asm patched into xn_shade_fog_span; canonical C's fog computes it from xn_fog_start, xn_fog_step and xn_fog_table_last, which hold the same values whenever the fog is on (code bytes: private)",
xn_shade_set_fog,memory,15010A,15010E,xn_fog_start_step_b,"a fog constant the asm patched into xn_shade_fog_span; canonical C's fog computes it from xn_fog_start, xn_fog_step and xn_fog_table_last, which hold the same values whenever the fog is on (code bytes: private)",
xn_shade_set_fog,memory,15011C,150120,xn_fog_table_last_b,"a fog constant the asm patched into xn_shade_fog_span; canonical C's fog computes it from xn_fog_start, xn_fog_step and xn_fog_table_last, which hold the same values whenever the fog is on (code bytes: private)",
xn_shade_set_fog,memory,0CEA58,0CEA5C,xn_render_span_hook (the asm's),"the span hook, an asm entry's address; canonical C keeps it in rframe.c's xn_render_span_hook (private; adopted: group C's adopt.csv)",
xn_light_build_shader_1,register,,,ecx edx ebx esi,"its callers are canonical C: what the asm's copy left (ECX 0, ESI the template's end), the copy (EDX) and the last falloff field's address (EBX)",
xn_light_build_shader_2,register,,,ecx edx ebx esi,as xn_light_build_shader_1,
xn_light_build_shader_3,register,,,ecx edx ebx esi,as xn_light_build_shader_1,
xn_light_add_point,register,,,esi,"its caller is canonical C: the dispatch loop's light ref (or the template's end the three-light builder's copy left, when the third slot filled)",
xn_render_sort_pairs,register,,,ebp esi,its callers are canonical C: the last partition's pivot key (EBP) and where the last scan stopped (ESI),
xn_render_sort_pairs_range,register,,,ebp,its callers are canonical C: the last partition's pivot key,
xn_cam_set_view_window,memory,1583AF,1583B3,xn_poly_flat_sx,"a patched operand of the flat projector (smc POLY-PROJECT): the view's half width, which the reader now takes from the camera's view globals (xn_cam_half_width); code bytes: private",
xn_cam_set_view_window,memory,1584AD,1584B1,xn_poly_face_sx,"a patched operand of the face projector (smc POLY-PROJECT): the view's half width, which the reader now takes from the camera's view globals (xn_cam_half_width); code bytes: private",
xn_cam_set_view_window,memory,158608,15860C,xn_poly_terrain_sx,"a patched operand of the terrain projector (smc POLY-PROJECT): the view's half width, which the reader now takes from the camera's view globals (xn_cam_half_width); code bytes: private",
xn_cam_set_view_window,memory,1405B4,1405B8,xn_model_vert_sx,"a patched operand of the model vertex transform (smc MODEL-VERTS): the view's half width, which the reader now takes from the camera's view globals (xn_cam_half_width); code bytes: private",
xn_cam_set_view_window,memory,13EA75,13EA79,xn_tgrid_sx,"a patched operand of the terrain grid (smc TERRAIN-GRID): the view's half width, which the reader now takes from the camera's view globals (xn_cam_half_width); code bytes: private",
xn_cam_set_view_window,memory,15BBDE,15BBE2,xn_poly_setup_sx,"a patched operand of the textured setup (smc POLY-SETUP-TEX): the view's half width, which the reader now takes from the camera's view globals (xn_cam_half_width); code bytes: private",
xn_cam_set_view_window,memory,1550ED,1550F1,xn_flat_grad_sx,"a patched operand of the flat gradients (smc FLAT-GRAD): the view's half width, which the reader now takes from the camera's view globals (xn_cam_half_width); code bytes: private",
xn_cam_set_view_window,memory,1583C5,1583C9,xn_poly_flat_sy,"a patched operand of the flat projector (smc POLY-PROJECT): the view's half height, which the reader now takes from the camera's view globals (xn_cam_half_height); code bytes: private",
xn_cam_set_view_window,memory,1584C3,1584C7,xn_poly_face_sy,"a patched operand of the face projector (smc POLY-PROJECT): the view's half height, which the reader now takes from the camera's view globals (xn_cam_half_height); code bytes: private",
xn_cam_set_view_window,memory,15861E,158622,xn_poly_terrain_sy,"a patched operand of the terrain projector (smc POLY-PROJECT): the view's half height, which the reader now takes from the camera's view globals (xn_cam_half_height); code bytes: private",
xn_cam_set_view_window,memory,1405CC,1405D0,xn_model_vert_sy,"a patched operand of the model vertex transform (smc MODEL-VERTS): the view's half height, which the reader now takes from the camera's view globals (xn_cam_half_height); code bytes: private",
xn_cam_set_view_window,memory,13EA8D,13EA91,xn_tgrid_sy,"a patched operand of the terrain grid (smc TERRAIN-GRID): the view's half height, which the reader now takes from the camera's view globals (xn_cam_half_height); code bytes: private",
xn_cam_set_view_window,memory,15BBE5,15BBE9,xn_poly_setup_sy,"a patched operand of the textured setup (smc POLY-SETUP-TEX): the view's half height, which the reader now takes from the camera's view globals (xn_cam_half_height); code bytes: private",
xn_cam_set_view_window,memory,1550F7,1550FB,xn_flat_grad_sy,"a patched operand of the flat gradients (smc FLAT-GRAD): the view's half height, which the reader now takes from the camera's view globals (xn_cam_half_height); code bytes: private",
xn_cam_set_view_window,memory,1583B7,1583BB,xn_poly_flat_cx,"a patched operand of the flat projector (smc POLY-PROJECT): the view's centre x << 8 + 80h, which the reader now takes from the camera's view globals (xn_cam_centre_x); code bytes: private",
xn_cam_set_view_window,memory,1584B5,1584B9,xn_poly_face_cx,"a patched operand of the face projector (smc POLY-PROJECT): the view's centre x << 8 + 80h, which the reader now takes from the camera's view globals (xn_cam_centre_x); code bytes: private",
xn_cam_set_view_window,memory,158610,158614,xn_poly_terrain_cx,"a patched operand of the terrain projector (smc POLY-PROJECT): the view's centre x << 8 + 80h, which the reader now takes from the camera's view globals (xn_cam_centre_x); code bytes: private",
xn_cam_set_view_window,memory,1405BC,1405C0,xn_model_vert_cx,"a patched operand of the model vertex transform (smc MODEL-VERTS): the view's centre x << 8 + 80h, which the reader now takes from the camera's view globals (xn_cam_centre_x); code bytes: private",
xn_cam_set_view_window,memory,13EA7D,13EA81,xn_tgrid_cx,"a patched operand of the terrain grid (smc TERRAIN-GRID): the view's centre x << 8 + 80h, which the reader now takes from the camera's view globals (xn_cam_centre_x); code bytes: private",
xn_cam_set_view_window,memory,1583CD,1583D1,xn_poly_flat_cy,"a patched operand of the flat projector (smc POLY-PROJECT): the view's centre y << 8 + 80h, which the reader now takes from the camera's view globals (xn_cam_centre_y); code bytes: private",
xn_cam_set_view_window,memory,1584CB,1584CF,xn_poly_face_cy,"a patched operand of the face projector (smc POLY-PROJECT): the view's centre y << 8 + 80h, which the reader now takes from the camera's view globals (xn_cam_centre_y); code bytes: private",
xn_cam_set_view_window,memory,158626,15862A,xn_poly_terrain_cy,"a patched operand of the terrain projector (smc POLY-PROJECT): the view's centre y << 8 + 80h, which the reader now takes from the camera's view globals (xn_cam_centre_y); code bytes: private",
xn_cam_set_view_window,memory,1405D4,1405D8,xn_model_vert_cy,"a patched operand of the model vertex transform (smc MODEL-VERTS): the view's centre y << 8 + 80h, which the reader now takes from the camera's view globals (xn_cam_centre_y); code bytes: private",
xn_cam_set_view_window,memory,13EA95,13EA99,xn_tgrid_cy,"a patched operand of the terrain grid (smc TERRAIN-GRID): the view's centre y << 8 + 80h, which the reader now takes from the camera's view globals (xn_cam_centre_y); code bytes: private",
xn_cam_set_view_window,memory,12A931,12A935,xn_render_frame_centre_x,"a patched operand of the frame loop (smc RENDER-FRAME): the view's centre x, which the reader now takes from the camera's view globals (xn_cam_centre_x); code bytes: private",
xn_cam_set_view_window,memory,157622,157626,xn_span_flat_transparent_cx,"a patched operand of the flat span routine (smc SPAN-FLAT-*): the view's centre x - 1, which the reader now takes from the camera's view globals (xn_cam_centre_x); code bytes: private",
xn_cam_set_view_window,memory,157802,157806,xn_span_flat_shaded_cx,"a patched operand of the flat span routine (smc SPAN-FLAT-*): the view's centre x - 1, which the reader now takes from the camera's view globals (xn_cam_centre_x); code bytes: private",
xn_cam_set_view_window,memory,157B22,157B26,xn_span_flat_fogged_cx,"a patched operand of the flat span routine (smc SPAN-FLAT-*): the view's centre x - 1, which the reader now takes from the camera's view globals (xn_cam_centre_x); code bytes: private",
xn_cam_set_view_window,memory,157E22,157E26,xn_span_flat_translucent_cx,"a patched operand of the flat span routine (smc SPAN-FLAT-*): the view's centre x - 1, which the reader now takes from the camera's view globals (xn_cam_centre_x); code bytes: private",
xn_cam_set_focal,memory,1406E2,1406E6,xn_model_scale_focal_x,"a patched operand of the model's gradient matrix (smc MODEL-SCALE): 2^36 / focal_x, which xn_model_scale_matrix now computes from xn_cam_focal_x; code bytes: private",
xn_cam_set_focal,memory,14072F,140733,xn_model_scale_focal_y,"a patched operand of the model's gradient matrix (smc MODEL-SCALE): 2^33 / focal_y, which xn_model_scale_matrix now computes from xn_cam_focal_y; code bytes: private",
xn_cam_update_derived,memory,1406DD,1406E1,xn_model_scale_inv_x,"a patched operand of the model's gradient matrix (smc MODEL-SCALE): a copy of xn_cam_inv_scale_x, which xn_model_scale_matrix now reads; code bytes: private",
xn_cam_update_derived,memory,14072A,14072E,xn_model_scale_inv_y,"a patched operand of the model's gradient matrix (smc MODEL-SCALE): a copy of xn_cam_inv_scale_y, which xn_model_scale_matrix now reads; code bytes: private",
xn_cam_update_derived,memory,14030A,14030E,xn_model_depth_scale,"a patched operand of the model draw (smc MODEL-DRAW): 2^48 / (scale_x * focal_x), which xn_model_draw now computes from the view globals; code bytes: private",
xn_cam_update_derived,memory,156B74,156B78,xn_span_texlit_ray_dx16,"a patched operand of the lit span routine (smc SPAN-TEX-LIT): 2^22 / focal_x, which the rasteriser group now reads as xn_cam_dir_x_mid[16]; code bytes: private",
xn_cam_update_derived,memory,155996,15599A,xn_span_solid_lit_ray_dx16,"a patched operand of the solid lit span routine (smc SPAN-SOLID-LIT): 2^22 / focal_x, which the rasteriser group now reads as xn_cam_dir_x_mid[16]; code bytes: private",
xn_poly_rasterize,memory,15B984,15B985,xn_poly_vertex_count,"the edge walker's vertex count, which the projectors (and the terrain) left here and the walker counted down: a parameter and the walk's own count in canonical C (config/xngine_boundary.csv: private)",
xn_poly_rasterize,memory,15B9C4,15B9C8,xn_raster_left,"a self-patched operand of the edge walker (smc POLY-RASTER): the left edge's ring place, the walk's own state (xn_edge_walk) in canonical C; code bytes: private",
xn_poly_rasterize,memory,15BA68,15BA6C,xn_raster_right,"a self-patched operand of the edge walker (smc POLY-RASTER): the right edge's ring place, the walk's own state (xn_edge_walk) in canonical C; code bytes: private",
xn_poly_rasterize,memory,15BA3C,15BA40,xn_raster_dxl,"a self-patched operand of the edge walker (smc POLY-RASTER): the left edge's x step, the walk's own state (xn_edge_walk) in canonical C; code bytes: private",
xn_poly_rasterize,memory,15BA48,15BA4C,xn_raster_dzl,"a self-patched operand of the edge walker (smc POLY-RASTER): the left edge's 1/z step, the walk's own state (xn_edge_walk) in canonical C; code bytes: private",
xn_poly_rasterize,memory,15BA42,15BA46,xn_raster_dxr,"a self-patched operand of the edge walker (smc POLY-RASTER): the right edge's x step, the walk's own state (xn_edge_walk) in canonical C; code bytes: private",
xn_poly_clip_frustum,memory,15820C,158210,xn_poly_clip_intersect_fn,"the clip pass's intersect routine, which the asm's pass called through: a parameter of xn_poly_clip_plane in canonical C (private)",
xn_poly_tex_gradients,memory,15BAE8,15BAEC,xn_grad_u0_a,"a self-patched operand (smc POLY-GRAD): a texture axis's x saved across the products, read back from the asm's own code; the axis itself in canonical C; code bytes: private",
xn_poly_tex_gradients,memory,15BB0C,15BB10,xn_grad_u0_b,"a self-patched operand (smc POLY-GRAD): a texture axis's x saved across the products, read back from the asm's own code; the axis itself in canonical C; code bytes: private",
xn_poly_tex_gradients,memory,15BB4D,15BB51,xn_grad_v0_a,"a self-patched operand (smc POLY-GRAD): a texture axis's x saved across the products, read back from the asm's own code; the axis itself in canonical C; code bytes: private",
xn_poly_tex_gradients,memory,15BB6E,15BB72,xn_grad_v0_b,"a self-patched operand (smc POLY-GRAD): a texture axis's x saved across the products, read back from the asm's own code; the axis itself in canonical C; code bytes: private",
xn_cam_cull_sphere,memory,158211,158212,xn_poly_clip_outcode_or,"the sphere's centre outcode, which the asm kept in the clipper's OR to test it plane by plane: a local in canonical C; every reader of the clipper's OR sets it first (private)",
xn_poly_setup_textured,memory-own,0DB35C,0DB360,xn_poly.span_fn,"the polygons' span routine: the asm's entries there, C functions in canonical C (the pool's +08h..+63h is private: config/xngine_boundary.csv)",64*1000
xn_model_draw_faces,memory-own,0DB35C,0DB360,xn_poly.span_fn,"the polygons' span routine: the asm's entries there, C functions in canonical C (the pool's +08h..+63h is private: config/xngine_boundary.csv)",64*1000
xn_model_draw,memory-own,0DB35C,0DB360,xn_poly.span_fn,"the polygons' span routine: the asm's entries there, C functions in canonical C (the pool's +08h..+63h is private: config/xngine_boundary.csv)",64*1000
xn_poly_setup_textured,memory-own,0DB364,0DB368,xn_poly.tmap,"the texture's mapper copy, which the asm's lit span routine called: the rasteriser group's mapper now takes the texels and wrap mask, nothing reads it (private)",64*1000
xn_flat_draw,memory-own,0DB35C,0DB360,xn_flat.span,"the flats' span routine: the asm's entries there, C functions in canonical C (the pool's +08h..+63h is private); the shims put the C routine of an asm entry they find there",64*1000
xn_poly_project_flat,memory-own,0DB35C,0DB360,xn_flat.span,"the flats' span routine: the asm's entries there, C functions in canonical C (the pool's +08h..+63h is private); the shims put the C routine of an asm entry they find there",64*1000
xn_flat_raster,memory-own,0DB35C,0DB360,xn_flat.span,"the flats' span routine: the asm's entries there, C functions in canonical C (the pool's +08h..+63h is private); the shims put the C routine of an asm entry they find there",64*1000
xn_flat_raster_rows,memory-own,0DB35C,0DB360,xn_flat.span,"the flats' span routine: the asm's entries there, C functions in canonical C (the pool's +08h..+63h is private); the shims put the C routine of an asm entry they find there",64*1000
xn_flat_span_clip,memory-own,0DB35C,0DB360,xn_flat.span,"the flats' span routine: the asm's entries there, C functions in canonical C (the pool's +08h..+63h is private); the shims put the C routine of an asm entry they find there",64*1000
xn_flat_span_emit,memory-own,0DB35C,0DB360,xn_flat.span,"the flats' span routine: the asm's entries there, C functions in canonical C (the pool's +08h..+63h is private); the shims put the C routine of an asm entry they find there",64*1000
xn_flat_span_light_setup,memory-own,0DB35C,0DB360,xn_flat.span,"the flats' span routine: the asm's entries there, C functions in canonical C (the pool's +08h..+63h is private); the shims put the C routine of an asm entry they find there",64*1000
xn_flat_setup_gradients,memory-own,0DB35C,0DB360,xn_flat.span,"the flats' span routine: the asm's entries there, C functions in canonical C (the pool's +08h..+63h is private); the shims put the C routine of an asm entry they find there",64*1000
xn_flat_quad_centred,memory,154C50,154C54,xn_flat_half_w,"scratch: the quad's half width, which the quad builders kept between their two corner rotations: a local in canonical C (private)",
xn_flat_quad_centred,memory,154C58,154C5C,xn_flat_half_h,"scratch: the quad's half height (or height), which the quad builders kept between their two corner rotations: a local in canonical C (private)",
xn_flat_draw,memory,154C54,154C58,xn_flat_tex_w,"the drawn flat's image width, which the asm left here for the gradients' mirroring: the flat's walk (xn_flat_walk) carries it in canonical C (private)",
xn_flat_draw,memory,154C5C,154C60,xn_flat_tex_h,"the drawn flat's image height: written, never read (private)",
xn_flat_draw,memory,15526F,155273,xn_flat_emit_flat,"a patched operand (smc FLAT-EMIT): the flat being drawn, which the emitter and the gradients read from the asm's code: the flat's walk carries it; code bytes: private",
xn_flat_raster,memory,155275,155279,xn_flat_emit_row,"a patched operand (smc FLAT-EMIT): the row being walked, stepped by the row loop: the flat's walk carries it; code bytes: private",
xn_flat_setup_gradients,memory,15534F,155353,xn_flat_row_u_var,a patched operand of the row loop (smc FLAT-RASTER): what it steps per row and by how much (the flat's u/v constants): the flat's walk carries the steps; code bytes: private,
xn_flat_setup_gradients,memory,155353,155357,xn_flat_row_u_step,a patched operand of the row loop (smc FLAT-RASTER): what it steps per row and by how much (the flat's u/v constants): the flat's walk carries the steps; code bytes: private,
xn_flat_setup_gradients,memory,155359,15535D,xn_flat_row_v_var,a patched operand of the row loop (smc FLAT-RASTER): what it steps per row and by how much (the flat's u/v constants): the flat's walk carries the steps; code bytes: private,
xn_flat_setup_gradients,memory,15535D,155361,xn_flat_row_v_step,a patched operand of the row loop (smc FLAT-RASTER): what it steps per row and by how much (the flat's u/v constants): the flat's walk carries the steps; code bytes: private,
xn_flat_begin_frame,memory,155367,15536B,xn_flat_row_stride,"a patched operand of the row loop (smc FLAT-RASTER): the screen width, which the walk now reads from xn_gfx_width; code bytes: private",
xn_flat_begin_frame,memory,155110,155114,xn_flat_axis_u_x,"a patched operand of the gradients (smc FLAT-GRAD): the frame's screen axis through xn_flat_proj_matrix, which xn_flat_setup_gradients now computes from that matrix; code bytes: private",
xn_flat_begin_frame,memory,155120,155124,xn_flat_axis_u_y,"a patched operand of the gradients (smc FLAT-GRAD): the frame's screen axis through xn_flat_proj_matrix, which xn_flat_setup_gradients now computes from that matrix; code bytes: private",
xn_flat_begin_frame,memory,15512A,15512E,xn_flat_axis_u_z,"a patched operand of the gradients (smc FLAT-GRAD): the frame's screen axis through xn_flat_proj_matrix, which xn_flat_setup_gradients now computes from that matrix; code bytes: private",
xn_flat_begin_frame,memory,15514C,155150,xn_flat_axis_v_x,"a patched operand of the gradients (smc FLAT-GRAD): the frame's screen axis through xn_flat_proj_matrix, which xn_flat_setup_gradients now computes from that matrix; code bytes: private",
xn_flat_begin_frame,memory,155163,155167,xn_flat_axis_v_y,"a patched operand of the gradients (smc FLAT-GRAD): the frame's screen axis through xn_flat_proj_matrix, which xn_flat_setup_gradients now computes from that matrix; code bytes: private",
xn_flat_begin_frame,memory,15516D,155171,xn_flat_axis_v_z,"a patched operand of the gradients (smc FLAT-GRAD): the frame's screen axis through xn_flat_proj_matrix, which xn_flat_setup_gradients now computes from that matrix; code bytes: private",
xn_flat_raster,memory,1552E0,1552E4,xn_flat_raster_left,"a self-patched operand of the flat's walker (smc FLAT-RASTER): its forward edge's ring place, the walk's own state in canonical C; code bytes: private",
xn_flat_raster,memory,15539D,1553A1,xn_flat_raster_right,"a self-patched operand of the flat's walker (smc FLAT-RASTER): its backward edge's ring place, the walk's own state in canonical C; code bytes: private",
xn_flat_raster,memory,155373,155377,xn_flat_raster_dxl,"a self-patched operand of the flat's walker (smc FLAT-RASTER): the forward edge's x step, the walk's own state in canonical C; code bytes: private",
xn_flat_raster,memory,15537F,155383,xn_flat_raster_dzl,"a self-patched operand of the flat's walker (smc FLAT-RASTER): the forward edge's 1/z step, the walk's own state in canonical C; code bytes: private",
xn_flat_raster,memory,155379,15537D,xn_flat_raster_dxr,"a self-patched operand of the flat's walker (smc FLAT-RASTER): the backward edge's x step, the walk's own state in canonical C; code bytes: private",
xn_model_draw,memory,140497,14049B,xn_model_draw_handle,"a patched operand of the draw's helpers (smc MODEL-DRAW): the handle being drawn, carried by struct xn_model_draw_state in canonical C; code bytes: private",
xn_model_draw,memory,14040B,14040F,xn_model_eye_bf_x,"a patched operand of the draw's helpers (smc MODEL-DRAW): the eye in object space (back faces), carried by struct xn_model_draw_state in canonical C; code bytes: private",
xn_model_draw,memory,140412,140416,xn_model_eye_bf_y,"a patched operand of the draw's helpers (smc MODEL-DRAW): the eye in object space (back faces), carried by struct xn_model_draw_state in canonical C; code bytes: private",
xn_model_draw,memory,140419,14041D,xn_model_eye_bf_z,"a patched operand of the draw's helpers (smc MODEL-DRAW): the eye in object space (back faces), carried by struct xn_model_draw_state in canonical C; code bytes: private",
xn_model_draw,memory,14052D,140531,xn_model_eye_x,"a patched operand of the draw's helpers (smc MODEL-DRAW): the eye in object space (vertices), carried by struct xn_model_draw_state in canonical C; code bytes: private",
xn_model_draw,memory,140533,140537,xn_model_eye_y,"a patched operand of the draw's helpers (smc MODEL-DRAW): the eye in object space (vertices), carried by struct xn_model_draw_state in canonical C; code bytes: private",
xn_model_draw,memory,140539,14053D,xn_model_eye_z,"a patched operand of the draw's helpers (smc MODEL-DRAW): the eye in object space (vertices), carried by struct xn_model_draw_state in canonical C; code bytes: private",
xn_model_draw,memory,140446,14044A,xn_model_depth_x,"a patched operand of the draw's helpers (smc MODEL-DRAW): the depth row, carried by struct xn_model_draw_state in canonical C; code bytes: private",
xn_model_draw,memory,14044D,140451,xn_model_depth_y,"a patched operand of the draw's helpers (smc MODEL-DRAW): the depth row, carried by struct xn_model_draw_state in canonical C; code bytes: private",
xn_model_draw,memory,140454,140458,xn_model_depth_z,"a patched operand of the draw's helpers (smc MODEL-DRAW): the depth row, carried by struct xn_model_draw_state in canonical C; code bytes: private",
xn_model_draw,memory,14053E,140542,xn_model_matrix_slot,"a patched operand of the draw's helpers (smc MODEL-DRAW): the object-to-view matrix, carried by struct xn_model_draw_state in canonical C; code bytes: private",
xn_model_draw_faces,memory,14051C,140520,xn_model_points_x,"a patched address operand (smc MODEL-VERTS): the model's point list, carried by struct xn_model_draw_state in canonical C; code bytes: private",
xn_model_draw_faces,memory,140522,140526,xn_model_points_y,"a patched address operand (smc MODEL-VERTS): the model's point list, carried by struct xn_model_draw_state in canonical C; code bytes: private",
xn_model_draw_faces,memory,140528,14052C,xn_model_points_z,"a patched address operand (smc MODEL-VERTS): the model's point list, carried by struct xn_model_draw_state in canonical C; code bytes: private",
xn_model_draw_faces,memory,1404EB,1404EF,xn_model_faces_end,"a self-patched operand (smc MODEL-FACES-CLEAR): the face loop's end, a local in canonical C; code bytes: private",
xn_model_build_light_list,memory,140666,14066A,xn_model_light_pos_x,"a self-patched operand (smc MODEL-LIGHTS): the model's position or squared radius, read back in the light loop: locals in canonical C; code bytes: private",
xn_model_build_light_list,memory,14066C,140670,xn_model_light_pos_y,"a self-patched operand (smc MODEL-LIGHTS): the model's position or squared radius, read back in the light loop: locals in canonical C; code bytes: private",
xn_model_build_light_list,memory,140672,140676,xn_model_light_pos_z,"a self-patched operand (smc MODEL-LIGHTS): the model's position or squared radius, read back in the light loop: locals in canonical C; code bytes: private",
xn_model_build_light_list,memory,14068B,14068F,xn_model_light_r2,"a self-patched operand (smc MODEL-LIGHTS): the model's position or squared radius, read back in the light loop: locals in canonical C; code bytes: private",
xn_model_project_bounds,memory,13FDC5,13FDD5,xn_model_bounds_x0 .. xn_model_bounds_y1,"scratch: the sphere's screen bounds, kept between the two projections and reloaded into the registers the occlusion test reads: locals in canonical C (private)",
xn_model_calc_face_uv_axes,memory,120294,1202A0,xn_scratch_vec_b,"scratch: the face's second edge, kept in the shared scratch vector b (private): a local in canonical C (the first edge stays in vector a, game-visible: Q-MODEL-03)",
xn_model_calc_face_uv_axes,memory,1202AC,1202B4,xn_model_uv_len2 .. xn_model_uv_t,scratch: |e1|^2 and the second edge's part along it (private): locals in canonical C,
xn_tex_cache_lookup,memory,132F5C,132F68,xn_tex_cur_archive .. xn_tex_cur_frame,"the lookup's archive, record and frame, which the asm left for the unpack allocator's key (and the image lookup wrote too): the key is a parameter in canonical C (private)",
xn_tex_load_archive,memory,134374,134377,xn_tex_filename digits,"scratch: the archive number's digits in the asm's file name template, copied into the path (game-visible, still written: xn_tex_path): a local name in canonical C (private)",
xn_tex_load_archive,memory,1343B9,1343BD,xn_tex_file_size,scratch: the file's length between filelength and the read: a local in canonical C (private),
xn_tex_heap_alloc,memory,1343C8,1343CC,xn_tex_heap_request,"the request's size, written and never read (private)",
xn_tex_cache_lookup,memory,xn_tmap_pool_block+0x0,xn_tmap_pool_block+0x4E620,the mapper copies,"the asm rebased an animated texture's mapper copy (its texel bases, code in the pool) for each decoded frame: the rasteriser group's mapper reads the polygon's texels instead, so canonical C no longer rewrites the copy (xn_tmap_rebase does nothing; private)",
xn_model_draw_faces,memory,xn_tmap_pool_block+0x0,xn_tmap_pool_block+0x4E620,the mapper copies,"the asm rebased an animated texture's mapper copy (its texel bases, code in the pool) for each decoded frame: the rasteriser group's mapper reads the polygon's texels instead, so canonical C no longer rewrites the copy (xn_tmap_rebase does nothing; private)",
xn_model_draw,memory,xn_tmap_pool_block+0x0,xn_tmap_pool_block+0x4E620,the mapper copies,"the asm rebased an animated texture's mapper copy (its texel bases, code in the pool) for each decoded frame: the rasteriser group's mapper reads the polygon's texels instead, so canonical C no longer rewrites the copy (xn_tmap_rebase does nothing; private)",
xn_flat_draw,memory,xn_tmap_pool_block+0x0,xn_tmap_pool_block+0x4E620,the mapper copies,"the asm rebased an animated texture's mapper copy (its texel bases, code in the pool) for each decoded frame: the rasteriser group's mapper reads the polygon's texels instead, so canonical C no longer rewrites the copy (xn_tmap_rebase does nothing; private)",
xn_tex_cache_lookup,register,,,ebx,the frame the asm leaves in EBX (the clock's when it chose one): no caller reads it (the game reads EAX and keeps ECX; the engine's callers take the entry),
xn_render_frame,memory-own,0DB364,0DB368,xn_poly.tmap,"the textured faces' mapper copy, which the asm's textured setup (xn_poly_setup_textured, run by the frame loop) copied into the polygon for its lit span routine: the rasteriser group's mapper takes the texels and wrap mask instead, so nothing reads it and canonical C no longer copies it (the pool's +08h..+63h is private)",64*1000
xn_tmap_rebase,memory-own,L:1680,L:1822,the probe's copy,"probe_1550C0, a synthetic call with a made-up mapper copy at linear 1680h: the asm rebased the 16 address operands of that 418-byte copy (1680h..1822h); canonical C keeps no code, so rebase writes nothing (the pool is private: config/xngine_boundary.csv)",
