name,start,end
xn_C0000,0x000C0000,0x000C0100
xn_C0100,0x000C0100,0x000C0400
xn_C0400,0x000C0400,0x000C0500
xn_C0500,0x000C0500,0x000C0600
xn_C0600,0x000C0600,0x000C0700
xn_C0700,0x000C0700,0x000C0B00
xn_C0B00,0x000C0B00,0x000C0C00
xn_C0C00,0x000C0C00,0x000C1000
xn_C1000,0x000C1000,0x000C1100
xn_C1100,0x000C1100,0x000C1500
xn_C1500,0x000C1500,0x000C1F00
xn_C1F00,0x000C1F00,0x000C2000
xn_C2000,0x000C2000,0x000C2300
xn_C2300,0x000C2300,0x000C2D00
xn_C2D00,0x000C2D00,0x000C4100
xn_C4100,0x000C4100,0x000C4500
xn_C4500,0x000C4500,0x000C5200
xn_C5200,0x000C5200,0x000C5400
xn_C5400,0x000C5400,0x000C7F00
xn_C7F00,0x000C7F00,0x000CAE00
xn_CAE00,0x000CAE00,0x000CAF00
xn_CAF00,0x000CAF00,0x000CB300
xn_CB300,0x000CB300,0x000CDE00
xn_CDE00,0x000CDE00,0x000CE300
xn_CE300,0x000CE300,0x000CEA00
xn_CEA00,0x000CEA00,0x000DB300
xn_DB300,0x000DB300,0x000EB300
xn_EB300,0x000EB300,0x000FB300
xn_FB300,0x000FB300,0x0010B300
xn_10B300,0x0010B300,0x00119200
xn_119200,0x00119200,0x00129200
xn_129200,0x00129200,0x0012A100
xn_12A100,0x0012A100,0x0012AB00
xn_12AB00,0x0012AB00,0x0012AC00
xn_12AC00,0x0012AC00,0x0012B100
xn_12B100,0x0012B100,0x0012B500
xn_12B500,0x0012B500,0x0012D400
xn_12D400,0x0012D400,0x0012DA00
xn_12DA00,0x0012DA00,0x0012DB00
xn_12DB00,0x0012DB00,0x0012DE00
xn_12DE00,0x0012DE00,0x0012F500
xn_12F500,0x0012F500,0x00132F00
xn_132F00,0x00132F00,0x00135D00
xn_135D00,0x00135D00,0x00136500
xn_136500,0x00136500,0x00136A00
xn_136A00,0x00136A00,0x00136E00
xn_136E00,0x00136E00,0x00137000
xn_137000,0x00137000,0x00137900
xn_137900,0x00137900,0x00137B00
xn_137B00,0x00137B00,0x00137D00
xn_137D00,0x00137D00,0x00137F00
xn_137F00,0x00137F00,0x00138100
xn_138100,0x00138100,0x00138300
xn_138300,0x00138300,0x00138500
xn_138500,0x00138500,0x0013E600
xn_13E600,0x0013E600,0x0013F700
xn_13F700,0x0013F700,0x0013FE00
xn_13FE00,0x0013FE00,0x00142300
xn_142300,0x00142300,0x00142700
xn_142700,0x00142700,0x00142900
xn_142900,0x00142900,0x00143600
xn_143600,0x00143600,0x00144D00
xn_144D00,0x00144D00,0x00144E00
xn_144E00,0x00144E00,0x00147900
xn_147900,0x00147900,0x00149E00
xn_149E00,0x00149E00,0x0014A100
xn_14A100,0x0014A100,0x0014A200
xn_14A200,0x0014A200,0x0014A300
xn_14A300,0x0014A300,0x0014BB00
xn_14BB00,0x0014BB00,0x0014BC00
xn_14BC00,0x0014BC00,0x0014CC00
xn_14CC00,0x0014CC00,0x0014D200
xn_14D200,0x0014D200,0x00150200
xn_150200,0x00150200,0x00152B00
xn_152B00,0x00152B00,0x00153000
xn_153000,0x00153000,0x00153100
xn_153100,0x00153100,0x00153400
xn_153400,0x00153400,0x00153500
xn_153500,0x00153500,0x00153700
xn_153700,0x00153700,0x00153800
xn_153800,0x00153800,0x00153900
xn_153900,0x00153900,0x00153A00
xn_153A00,0x00153A00,0x00153C00
xn_153C00,0x00153C00,0x00154D00
xn_154D00,0x00154D00,0x00155800
xn_155800,0x00155800,0x00155B00
xn_155B00,0x00155B00,0x00155C00
xn_155C00,0x00155C00,0x00156300
xn_156300,0x00156300,0x00156A00
xn_156A00,0x00156A00,0x00157600
xn_157600,0x00157600,0x00157B00
xn_157B00,0x00157B00,0x00157E00
xn_157E00,0x00157E00,0x00158100
xn_158100,0x00158100,0x00158200
xn_158200,0x00158200,0x00158300
xn_158300,0x00158300,0x00158C00
xn_158C00,0x00158C00,0x00158D00
xn_158D00,0x00158D00,0x00158F00
xn_158F00,0x00158F00,0x00159000
xn_159000,0x00159000,0x00159100
xn_159100,0x00159100,0x00159200
xn_159200,0x00159200,0x0015C100
xn_15C100,0x0015C100,0x0015C200
xn_15C200,0x0015C200,0x0015C500
xn_15C500,0x0015C500,0x0015CB00
xn_15CB00,0x0015CB00,0x0015D100
xn_15D100,0x0015D100,0x0015F600
xn_15F600,0x0015F600,0x0015F800
xn_15F800,0x0015F800,0x0015FA00
xn_15FA00,0x0015FA00,0x0015FC00
xn_15FC00,0x0015FC00,0x00160900
xn_160900,0x00160900,0x00160D00
xn_160D00,0x00160D00,0x00160E00
xn_160E00,0x00160E00,0x00161000
xn_161000,0x00161000,0x00161300
xn_161300,0x00161300,0x00161400
xn_161400,0x00161400,0x00161568
