va,code_bytes,found_by
0x000C0100,15,functions.csv
0x000C010F,34,functions.csv
0x000C0131,10,unreferenced
0x000C013B,97,functions.csv
0x000C019C,79,functions.csv
0x000C01EB,31,functions.csv
0x000C020A,23,pointer
0x000C0221,26,pointer
0x000C023B,13,pointer
0x000C0248,11,pointer
0x000C0253,24,pointer
0x000C026B,16,pointer
0x000C027B,4,pointer
0x000C027F,29,pointer
0x000C029C,11,pointer
0x000C02A7,30,pointer
0x000C02C5,26,pointer
0x000C02DF,10,pointer
0x000C02E9,30,call
0x000C0307,26,call
0x000C0500,6,run time
0x000C0520,78,functions.csv
0x000C0580,54,functions.csv
0x000C0700,460,functions.csv
0x000C08CC,126,functions.csv
0x000C094A,236,pointer
0x000C0A36,107,functions.csv
0x000C0C00,124,unreferenced
0x000C0C7C,14,unreferenced
0x000C0C8C,49,functions.csv
0x000C0CC0,10,unreferenced
0x000C0CCC,10,functions.csv
0x000C0CD8,22,unreferenced
0x000C0CF0,7,call
0x000C0CF8,20,unreferenced
0x000C0D0C,5,call
0x000C0D14,18,unreferenced
0x000C0D28,25,functions.csv
0x000C0D44,14,unreferenced
0x000C0D54,35,call
0x000C0D78,20,unreferenced
0x000C0D8C,44,call
0x000C0DB8,12,unreferenced
0x000C0DC4,8,functions.csv
0x000C0DCC,27,unreferenced
0x000C0DE7,5,functions.csv
0x000C0DEC,14,unreferenced
0x000C0DFC,39,call
0x000C0E24,171,functions.csv
0x000C0ED0,53,functions.csv
0x000C1500,340,functions.csv
0x000C1654,386,functions.csv
0x000C17D6,110,functions.csv
0x000C1844,95,functions.csv
0x000C18A3,631,functions.csv
0x000C1B1A,41,functions.csv
0x000C1B43,87,functions.csv
0x000C1B9A,36,functions.csv
0x000C1BBE,140,functions.csv
0x000C1C4A,146,functions.csv
0x000C1CDC,36,pointer
0x000C1D00,77,pointer
0x000C1D4D,33,functions.csv
0x000C1D6E,153,functions.csv
0x000C2000,67,functions.csv
0x000C2043,37,functions.csv
0x000C2068,32,functions.csv
0x000C2088,16,functions.csv
0x000C2098,32,unreferenced
0x000C20B8,139,call
0x000C2143,48,functions.csv
0x000C2173,194,functions.csv
0x000C2D00,98,functions.csv
0x000C2D62,31,functions.csv
0x000C2D81,14,functions.csv
0x000C2D8F,41,functions.csv
0x000C2DB8,77,functions.csv
0x000C2E05,220,functions.csv
0x000C2EE1,64,functions.csv
0x000C2F21,69,functions.csv
0x000C2F66,69,functions.csv
0x000C2FAB,74,functions.csv
0x000C2FF5,225,functions.csv
0x000C30D6,57,unreferenced
0x000C310F,159,functions.csv
0x000C31AE,45,functions.csv
0x000C31DB,82,unreferenced
0x000C322D,185,functions.csv
0x000C32E6,27,functions.csv
0x000C3301,243,functions.csv
0x000C33F4,60,unreferenced
0x000C3430,14,unreferenced
0x000C343E,215,functions.csv
0x000C3515,56,unreferenced
0x000C354D,16,unreferenced
0x000C355D,1283,functions.csv
0x000C3A60,189,functions.csv
0x000C3B1D,106,unreferenced
0x000C3B87,181,functions.csv
0x000C3C3C,216,functions.csv
0x000C3D14,148,functions.csv
0x000C3DA8,1,functions.csv
0x000C3DA9,192,unreferenced
0x000C3E69,1,functions.csv
0x000C3E6A,148,unreferenced
0x000C3EFE,205,functions.csv
0x000C3FCB,162,functions.csv
0x000C5200,74,functions.csv
0x000C524A,54,functions.csv
0x000C5280,132,functions.csv
0x000C5304,1,unreferenced
0x000C7F00,7,functions.csv
0x000C7F07,13,functions.csv
0x000C7F14,132,functions.csv
0x000C7F98,30,functions.csv
0x000C7FB6,35,unreferenced
0x000C7FD9,27,functions.csv
0x000C7FF4,23,functions.csv
0x000C800B,5,unreferenced
0x000C8010,7,unreferenced
0x000C8017,61,functions.csv
0x000C8054,57,unreferenced
0x000C808D,63,functions.csv
0x000C80CC,64,unreferenced
0x000C810C,91,functions.csv
0x000C8167,7,functions.csv
0x000C816E,132,functions.csv
0x000C81F2,160,unreferenced
0x000C8292,48,unreferenced
0x000C82C2,83,functions.csv
0x000C8315,108,unreferenced
0x000C8381,19,unreferenced
0x000C8394,1,unreferenced
0x000C8395,97,call
0x000C83F6,5779,call
0x000C9A89,366,functions.csv
0x000C9BF7,121,functions.csv
0x000C9C70,73,functions.csv
0x000C9CB9,96,functions.csv
0x000C9D19,74,functions.csv
0x000C9D63,324,unreferenced
0x000C9EA7,11,functions.csv
0x000C9EB2,86,functions.csv
0x000C9F08,8,functions.csv
0x000C9F10,25,unreferenced
0x000C9F29,38,functions.csv
0x000C9F4F,3738,unreferenced
0x000CAE00,7,functions.csv
0x000CAE07,7,functions.csv
0x000CAE0E,14,functions.csv
0x000CAE1C,13,functions.csv
0x000CB300,30,functions.csv
0x000CB31E,48,functions.csv
0x000CB34E,51,functions.csv
0x000CB381,25,functions.csv
0x000CB39A,217,functions.csv
0x000CB473,100,functions.csv
0x000CB4D7,117,unreferenced
0x000CB54C,6,unreferenced
0x000CB552,7071,functions.csv
0x000CD0F1,53,functions.csv
0x000CD126,159,functions.csv
0x000CD1C5,73,functions.csv
0x000CD20E,84,functions.csv
0x000CD262,47,functions.csv
0x000CD291,119,functions.csv
0x000CD308,18,functions.csv
0x000CD31A,18,functions.csv
0x000CD32C,14,unreferenced
0x000CD33A,45,functions.csv
0x000CD367,20,functions.csv
0x000CD37B,19,unreferenced
0x000CD38E,13,unreferenced
0x000CD39B,417,unreferenced
0x000CD53C,1598,functions.csv
0x000CDB7A,209,functions.csv
0x000CDC4B,78,functions.csv
0x000CDC99,31,functions.csv
0x000CDCB8,45,functions.csv
0x000CDCE5,100,unreferenced
0x000CDD49,35,functions.csv
0x000CDD6C,21,functions.csv
0x000CDD81,39,functions.csv
0x000CDDA8,7,unreferenced
0x000CE300,28,functions.csv
0x000CE31C,46,functions.csv
0x000CE3E3,26,functions.csv
0x000CE3FD,56,functions.csv
0x000CE435,23,unreferenced
0x000CE44C,18,functions.csv
0x000CE45E,15,functions.csv
0x000CE46D,22,functions.csv
0x000CE483,18,functions.csv
0x000CE495,9,unreferenced
0x000CE49E,11,functions.csv
0x000CE4A9,12,functions.csv
0x000CE4B5,15,functions.csv
0x000CE4C4,28,functions.csv
0x000CE4E0,26,functions.csv
0x000CE4FA,292,functions.csv
0x000CE61E,33,pointer
0x000CE63F,36,pointer
0x000CE663,9,functions.csv
0x000CE66C,8,functions.csv
0x000CE69A,29,functions.csv
0x000CE6B7,29,unreferenced
0x000CE6D4,14,functions.csv
0x000CE6E2,43,functions.csv
0x000CE70D,66,functions.csv
0x000CE74F,9,functions.csv
0x000CE758,39,functions.csv
0x000CE77F,17,functions.csv
0x000CE790,23,functions.csv
0x000CE7A7,12,functions.csv
0x000CE7B3,8,unreferenced
0x000CE7BB,77,functions.csv
0x000CE808,32,functions.csv
0x000CE828,83,unreferenced
0x000CE87B,18,functions.csv
0x000CE88D,19,functions.csv
0x000CE8A0,18,functions.csv
0x000CE8B2,18,functions.csv
0x000CE8C4,17,functions.csv
0x000CE8D5,67,functions.csv
0x000CE918,20,functions.csv
0x000CE92C,31,functions.csv
0x000CE94B,12,unreferenced
0x000CE957,15,functions.csv
0x0012A100,301,functions.csv
0x0012A230,33,functions.csv
0x0012A254,30,functions.csv
0x0012A274,91,functions.csv
0x0012A2D0,218,functions.csv
0x0012A3AC,323,functions.csv
0x0012A4F0,279,functions.csv
0x0012A608,246,functions.csv
0x0012A700,46,pointer
0x0012A740,67,pointer
0x0012A7A0,46,pointer
0x0012A7D0,66,functions.csv
0x0012A814,72,call
0x0012A860,13,pointer
0x0012A870,217,functions.csv
0x0012A949,5,run time
0x0012A94E,27,run time
0x0012A969,12,run time
0x0012A975,1,run time
0x0012A976,6,run time
0x0012A97C,2,run time
0x0012A97E,13,run time
0x0012A98B,115,functions.csv
0x0012B100,54,functions.csv
0x0012B136,96,functions.csv
0x0012B196,317,functions.csv
0x0012B2D3,24,functions.csv
0x0012B2EB,59,functions.csv
0x0012B326,199,functions.csv
0x0012B3ED,110,functions.csv
0x0012B45B,35,functions.csv
0x0012B47E,32,functions.csv
0x0012B49E,15,functions.csv
0x0012D40E,115,call
0x0012D481,147,unreferenced
0x0012D514,407,call
0x0012D6AB,422,unreferenced
0x0012D851,54,functions.csv
0x0012D887,36,functions.csv
0x0012D8AB,3,unreferenced
0x0012D8AE,15,unreferenced
0x0012D8BD,145,functions.csv
0x0012D94E,34,functions.csv
0x0012D970,65,unreferenced
0x0012DB00,37,functions.csv
0x0012DB28,37,functions.csv
0x0012DB50,122,functions.csv
0x0012DBCC,118,functions.csv
0x0012DC44,216,functions.csv
0x0012DD1C,31,unreferenced
0x0012F500,156,functions.csv
0x0012F59C,510,functions.csv
0x0012F79C,496,functions.csv
0x0012F9A0,54,pointer
0x0012F9E0,13462,call
0x00132E80,1,unreferenced
0x00135D00,228,functions.csv
0x00135DE4,85,functions.csv
0x00135E39,84,functions.csv
0x00135E90,27,functions.csv
0x00135EAB,292,functions.csv
0x00135FCF,87,functions.csv
0x00136026,166,functions.csv
0x001360CC,34,functions.csv
0x001360EE,87,functions.csv
0x00136145,46,functions.csv
0x00136173,69,functions.csv
0x001361B8,119,functions.csv
0x0013622F,83,functions.csv
0x00136282,77,functions.csv
0x001362CF,266,functions.csv
0x001363D9,31,functions.csv
0x001363F8,37,functions.csv
0x0013641D,64,functions.csv
0x00136A00,152,functions.csv
0x00136A98,27,functions.csv
0x00136AB4,36,functions.csv
0x00136AD8,22,functions.csv
0x00136AF0,149,functions.csv
0x00136B88,79,functions.csv
0x00136BD8,87,call
0x00136C30,84,pointer
0x00136C84,140,pointer
0x00136D10,200,pointer
0x00137000,415,functions.csv
0x001371AB,42,unreferenced
0x001371D5,234,functions.csv
0x001372BF,52,unreferenced
0x001372F3,239,functions.csv
0x001373E2,22,unreferenced
0x001373F8,6,unreferenced
0x001373FE,45,call
0x0013742B,91,unreferenced
0x00137486,24,functions.csv
0x0013749E,94,functions.csv
0x001374FC,24,functions.csv
0x00137514,94,functions.csv
0x00137572,24,unreferenced
0x0013758A,111,functions.csv
0x001375F9,94,unreferenced
0x00137657,113,functions.csv
0x001376C8,25,functions.csv
0x001376E1,26,functions.csv
0x001376FB,42,unreferenced
0x00137725,107,functions.csv
0x00137790,115,unreferenced
0x00137804,79,functions.csv
0x0013E600,60,functions.csv
0x0013E63C,96,functions.csv
0x0013E69C,168,functions.csv
0x0013E744,267,functions.csv
0x0013E84F,121,functions.csv
0x0013E8C8,601,functions.csv
0x0013EB21,257,functions.csv
0x0013EC22,257,functions.csv
0x0013ED23,170,functions.csv
0x0013EDCD,170,functions.csv
0x0013EE77,176,functions.csv
0x0013EF27,176,functions.csv
0x0013EFD7,1002,functions.csv
0x0013F3C1,266,functions.csv
0x0013F4CC,37,pointer
0x0013F4F4,37,pointer
0x0013F51C,51,pointer
0x0013F550,51,pointer
0x0013F584,38,pointer
0x0013F5AC,38,pointer
0x0013F5D4,52,pointer
0x0013F608,52,pointer
0x0013FE15,249,functions.csv
0x0013FF0E,87,functions.csv
0x0013FF65,620,functions.csv
0x001401D4,12,functions.csv
0x001401E0,163,functions.csv
0x00140284,229,functions.csv
0x00140369,17,unreferenced
0x0014037A,53,functions.csv
0x001403AF,331,functions.csv
0x001404FA,268,functions.csv
0x00140606,208,functions.csv
0x001406D6,184,functions.csv
0x00140790,78,functions.csv
0x001407DE,62,functions.csv
0x0014081C,41,functions.csv
0x00140845,142,functions.csv
0x001408D3,60,unreferenced
0x00140910,113,functions.csv
0x00140981,166,functions.csv
0x00140A28,6145,functions.csv
0x00142700,99,functions.csv
0x00142764,42,functions.csv
0x00142790,24,functions.csv
0x001427A8,94,functions.csv
0x00142808,29,unreferenced
0x00142840,13,run time
0x0014284D,21,run time
0x00142862,12,run time
0x0014286E,12,run time
0x0014287A,12,run time
0x00142886,12,run time
0x00142892,15,run time
0x001428A1,15,run time
0x001428B0,12,run time
0x001428BC,12,run time
0x001428C8,12,run time
0x001428D4,14,run time
0x001428E2,9,run time
0x001428EB,1,run time
0x001428EC,2,run time
0x00143600,254,functions.csv
0x00143700,63,functions.csv
0x0014373F,302,unreferenced
0x00143870,105,functions.csv
0x001438DC,29,functions.csv
0x001438FC,24,functions.csv
0x00143914,15,functions.csv
0x00143924,54,pointer
0x0014395C,15,functions.csv
0x0014396C,188,pointer
0x00143A28,23,unreferenced
0x00143A3F,12,unreferenced
0x00143B80,47,pointer
0x00143BB0,2077,pointer
0x00144BFC,17,pointer
0x00144C0D,1,pointer
0x00144D00,65,functions.csv
0x00144E00,131,functions.csv
0x00144E84,22,functions.csv
0x00144E9C,59,functions.csv
0x00144ED8,22,functions.csv
0x00144EF0,55,functions.csv
0x00144F28,14,unreferenced
0x00144F38,15,call
0x00144F47,1,unreferenced
0x00144F48,14,unreferenced
0x00144F58,15,call
0x00144F68,19,functions.csv
0x00144F7C,55,functions.csv
0x00144FB4,19,functions.csv
0x00144FC7,1,unreferenced
0x00144FC8,81,functions.csv
0x0014501C,10241,functions.csv
0x00147820,40,unreferenced
0x00147848,14,unreferenced
0x00147858,24,call
0x00149E00,248,functions.csv
0x00149EF8,17,functions.csv
0x00149F0C,64,functions.csv
0x00149F4C,75,functions.csv
0x00149F98,46,functions.csv
0x00149FC8,14,run time
0x00149FD6,10,run time
0x00149FE0,10,run time
0x00149FEA,10,run time
0x00149FF4,10,run time
0x00149FFE,10,run time
0x0014A008,10,run time
0x0014A012,10,run time
0x0014A01C,10,run time
0x0014A026,10,run time
0x0014A030,10,run time
0x0014A03A,10,run time
0x0014A044,10,run time
0x0014A04E,10,run time
0x0014A058,6,run time
0x0014A05E,10,run time
0x0014A068,10,run time
0x0014A072,10,run time
0x0014A07C,10,run time
0x0014A086,6,run time
0x0014A08C,6,run time
0x0014A092,6,run time
0x0014A098,6,run time
0x0014A09E,6,run time
0x0014A0A4,6,run time
0x0014A0AA,6,run time
0x0014A0B0,6,run time
0x0014A0B6,6,run time
0x0014A0BC,6,run time
0x0014A0C2,4,run time
0x0014A0C6,2,run time
0x0014A0C8,7,run time
0x0014A0CF,23,run time
0x0014A300,911,functions.csv
0x0014A6C0,80,unreferenced
0x0014A710,854,unreferenced
0x0014AA92,1146,functions.csv
0x0014AF30,231,unreferenced
0x0014B017,380,unreferenced
0x0014B19B,22,unreferenced
0x0014B1B1,6,call
0x0014B1B7,16,unreferenced
0x0014B1C7,25,functions.csv
0x0014B1E0,627,functions.csv
0x0014B45B,307,functions.csv
0x0014B58E,1263,unreferenced
0x0014BC00,52,functions.csv
0x0014BC34,64,functions.csv
0x0014BC74,149,unreferenced
0x0014BD09,108,functions.csv
0x0014BD75,31,unreferenced
0x0014BD94,73,functions.csv
0x0014BDDD,26,functions.csv
0x0014BDF7,85,functions.csv
0x0014BE4C,85,unreferenced
0x0014BEA1,65,unreferenced
0x0014BEE2,95,unreferenced
0x0014BF41,160,unreferenced
0x0014BFE1,64,unreferenced
0x0014C021,240,functions.csv
0x0014C111,204,unreferenced
0x0014C1DD,130,unreferenced
0x0014C25F,78,unreferenced
0x0014C2AD,300,functions.csv
0x0014C3D9,205,unreferenced
0x0014C4A6,599,unreferenced
0x0014C711,81,functions.csv
0x0014C762,59,unreferenced
0x0014C79D,61,unreferenced
0x0014C7DA,11,unreferenced
0x0014C7E5,287,functions.csv
0x0014C904,206,functions.csv
0x0014C9D2,114,unreferenced
0x0014CA44,63,functions.csv
0x0014CA83,20,unreferenced
0x0014CA97,65,functions.csv
0x0014CAD8,18,unreferenced
0x0014CAEA,58,functions.csv
0x0014CB24,43,unreferenced
0x0014CB4F,41,unreferenced
0x0014CB78,63,unreferenced
0x0014D200,60,unreferenced
0x0014D23C,167,functions.csv
0x0014D300,1,pointer
0x0014D320,11539,call
0x00150040,243,pointer
0x00152B00,167,functions.csv
0x00152BA8,51,functions.csv
0x00152BDC,99,functions.csv
0x00152C40,192,functions.csv
0x00152D00,387,functions.csv
0x00152EA0,13,run time
0x00152EAD,141,run time
0x00152F3A,5,run time
0x00152F3F,1,run time
0x00152F40,2,run time
0x0015310C,109,call
0x0015317C,12,unreferenced
0x00153188,104,call
0x001531F0,19,functions.csv
0x00153204,10,functions.csv
0x00153210,163,functions.csv
0x001532B4,31,functions.csv
0x001532D4,264,functions.csv
0x00153500,46,functions.csv
0x00153530,31,unreferenced
0x00153550,27,unreferenced
0x0015356C,56,unreferenced
0x001535A4,242,call
0x00153700,11,unreferenced
0x0015370C,11,unreferenced
0x00153718,15,functions.csv
0x00153728,1,unreferenced
0x0015372C,14,unreferenced
0x0015373C,13,unreferenced
0x0015374C,16,unreferenced
0x0015375C,34,unreferenced
0x0015377E,26,unreferenced
0x00153798,41,unreferenced
0x00153900,43,functions.csv
0x0015392C,56,call
0x00153964,19,unreferenced
0x00153978,21,unreferenced
0x00153990,33,functions.csv
0x00154D00,27,functions.csv
0x00154D20,133,functions.csv
0x00154DA5,93,functions.csv
0x00154E20,187,call
0x00154EDC,247,pointer
0x00154FD4,1,pointer
0x00154FD8,228,pointer
0x001550BC,1,pointer
0x001550C0,1,pointer
0x001550E0,266,call
0x00155200,108,call
0x0015526C,41,call
0x001552A0,146,call
0x00155332,164,unreferenced
0x001553D8,61,call
0x00155415,243,call
0x00155508,264,functions.csv
0x00155610,278,pointer
0x00155800,19,pointer
0x00155820,44,pointer
0x00155880,145,call
0x00155920,361,pointer
0x00155C00,273,call
0x00155D20,547,pointer
0x00155F60,16,pointer
0x00155F70,675,pointer
0x00156320,305,call
0x00156460,594,pointer
0x001566B4,16,pointer
0x001566C4,746,pointer
0x00156A80,20,pointer
0x00156A94,594,pointer
0x00156D40,273,call
0x00156E60,663,pointer
0x00157100,305,call
0x00157240,733,pointer
0x00157620,299,pointer
0x00157760,153,call
0x00157800,328,pointer
0x00157960,169,call
0x00157B02,30,unreferenced
0x00157B20,368,pointer
0x00157CA0,185,call
0x00157E02,30,unreferenced
0x00157E20,393,pointer
0x00157FA0,201,call
0x00158100,14,unreferenced
0x0015810E,14,functions.csv
0x0015811C,99,functions.csv
0x00158300,10,unreferenced
0x0015830C,60,call
0x00158360,189,call
0x00158420,402,functions.csv
0x001585B3,2,unreferenced
0x001585C0,182,functions.csv
0x00158678,346,functions.csv
0x001587D4,144,functions.csv
0x00158864,137,pointer
0x001588F0,134,pointer
0x00158978,139,functions.csv
0x00158A04,140,functions.csv
0x00158A90,139,functions.csv
0x00158B1C,143,pointer
0x00158D04,376,functions.csv
0x0015B9A0,118,functions.csv
0x0015BA16,139,unreferenced
0x0015BAC0,204,call
0x0015BB8C,181,pointer
0x0015BC41,1,unreferenced
0x0015BC42,90,call
0x0015BC9C,76,call
0x0015BCE8,14,pointer
0x0015BCF6,130,pointer
0x0015BD78,213,pointer
0x0015BE4D,296,pointer
0x0015BF75,208,pointer
0x0015C045,1,pointer
0x0015C046,68,pointer
0x0015C08A,1,pointer
0x0015C08B,1,pointer
0x0015C08C,64,pointer
0x0015C200,96,functions.csv
0x0015C260,17,functions.csv
0x0015C274,104,functions.csv
0x0015C2DC,20,functions.csv
0x0015C2F0,11,functions.csv
0x0015C300,417,pointer
0x0015CB00,302,functions.csv
0x0015CC36,253,unreferenced
0x0015CD33,323,unreferenced
0x0015CE7E,88,functions.csv
0x0015CEDE,51,unreferenced
0x0015CF18,289,functions.csv
0x0015D03C,30,functions.csv
0x0015D05C,30,functions.csv
0x0015D100,65,unreferenced
0x0015D141,36,call
0x0015D170,71,functions.csv
0x0015D1B7,50,functions.csv
0x0015D1F8,72,unreferenced
0x0015D240,60,call
0x0015D288,42,call
0x0015D2B4,56,unreferenced
0x0015D2EC,45,functions.csv
0x0015E400,91,functions.csv
0x0015E45C,72,unreferenced
0x0015E4A4,85,unreferenced
0x0015F50C,71,functions.csv
0x0015FC00,147,functions.csv
0x0015FC93,20,functions.csv
0x0015FCA7,259,functions.csv
0x0015FDAA,74,functions.csv
0x0015FDF4,17,call
0x0015FE05,58,call
0x0015FE3F,48,unreferenced
0x0015FE6F,63,functions.csv
0x0015FEAE,165,call
0x0015FF53,166,unreferenced
0x00160900,192,unreferenced
0x001609C0,57,call
0x001609F9,29,unreferenced
0x00160A18,36,call
0x00160A3C,22,call
0x00160A54,72,call
0x00160A9C,61,call
0x00160AE0,99,run time
0x00160E00,68,pointer
0x00160E44,1,pointer
0x00160E45,18,pointer
0x00160E57,13,pointer
0x00160E64,11,pointer
0x00160E6F,61,unreferenced
0x00160EAC,53,pointer
0x00160EE1,6,unreferenced
0x00160EE7,15,call
0x00160F00,5,pointer
0x00160F04,5,pointer
0x00160F11,3,pointer
0x00161000,132,pointer
0x00161084,13,pointer
0x00161094,31,pointer
0x001610B4,13,pointer
0x001610C4,13,pointer
0x001610D4,59,call
0x00161110,1,unreferenced
0x00161114,85,call
0x0016116C,182,pointer
0x00161224,42,call
0x00161250,25,call
0x0016126C,39,call
0x00161400,206,pointer
0x001614D0,20,pointer
0x001614E4,1,pointer
0x001614E8,1,pointer
0x001614EC,1,pointer
0x001614F0,52,pointer
0x00161524,68,call
