va,source
0x000C0500,interrupt handler
0x0012A949,executed
0x0012A94E,executed
0x0012A969,executed
0x0012A975,executed
0x0012A976,executed
0x0012A97C,executed
0x0012A97E,executed
0x00142840,interrupt handler
0x0014284D,executed
0x00142862,executed
0x0014286E,executed
0x0014287A,executed
0x00142886,executed
0x00142892,executed
0x001428A1,executed
0x001428B0,executed
0x001428BC,executed
0x001428C8,executed
0x001428D4,executed
0x001428E2,executed
0x001428EB,executed
0x001428EC,executed
0x00149FC8,exception handler
0x00149FD6,executed
0x00149FE0,executed
0x00149FEA,executed
0x00149FF4,executed
0x00149FFE,executed
0x0014A008,executed
0x0014A012,executed
0x0014A01C,executed
0x0014A026,executed
0x0014A030,executed
0x0014A03A,executed
0x0014A044,executed
0x0014A04E,executed
0x0014A058,executed
0x0014A05E,executed
0x0014A068,executed
0x0014A072,executed
0x0014A07C,executed
0x0014A086,executed
0x0014A08C,executed
0x0014A092,executed
0x0014A098,executed
0x0014A09E,executed
0x0014A0A4,executed
0x0014A0AA,executed
0x0014A0B0,executed
0x0014A0B6,executed
0x0014A0BC,executed
0x0014A0C2,executed
0x0014A0C6,executed
0x0014A0C8,executed
0x0014A0CF,executed
0x00152EA0,interrupt handler
0x00152EAD,executed
0x00152F3A,executed
0x00152F3F,executed
0x00152F40,executed
0x00160AE0,interrupt handler
