writer,field,size
0x0015C2A9,0x0015C30F,4
0x0015C2A9,0x0015C343,4
0x0015C2A9,0x0015C377,4
0x0015C2A9,0x0015C3AB,4
0x0015C2A9,0x0015C3DF,4
0x0015C2A9,0x0015C413,4
0x0015C2A9,0x0015C447,4
0x0015C2A9,0x0015C47B,4
0x0015C2AC,0x0015C307,4
0x0015C2AC,0x0015C33B,4
0x0015C2AC,0x0015C36F,4
0x0015C2AC,0x0015C3A3,4
0x0015C2AC,0x0015C3D7,4
0x0015C2AC,0x0015C40B,4
0x0015C2AC,0x0015C43F,4
0x0015C2AC,0x0015C473,4
0x0015C2AF,0x0015C329,4
0x0015C2AF,0x0015C35D,4
0x0015C2AF,0x0015C391,4
0x0015C2AF,0x0015C3C5,4
0x0015C2AF,0x0015C3F9,4
0x0015C2AF,0x0015C42D,4
0x0015C2AF,0x0015C461,4
0x0015C2AF,0x0015C495,4
0x0015C2B2,0x0015C321,4
0x0015C2B2,0x0015C355,4
0x0015C2B2,0x0015C389,4
0x0015C2B2,0x0015C3BD,4
0x0015C2B2,0x0015C3F1,4
0x0015C2B2,0x0015C425,4
0x0015C2B2,0x0015C459,4
0x0015C2B2,0x0015C48D,4
