va,field,value,reason
0x00137572,outputs,,"dead copy of xn_mat_transform_ptr (0x137486), whose callers read nothing back: its results go through the pointers"
0x00137572,clobber,eax ecx edx ebx,"dead copy of xn_mat_transform_ptr (0x137486): the registers it leaves as its twin does"
0x0014BEE2,outputs,eax,"dead: the angle; EDX is the divide's remainder"
0x0014BEE2,clobber,edx,"dead: EDX is the divide's remainder"
0x0014BFE1,outputs,eax,"dead: the height; EDX and EBX are the divide's remainder and a product's low dword"
0x0014BFE1,clobber,edx ebx,"dead: EDX and EBX are the divide's remainder and a product's low dword"
0x0014CB78,outputs,eax edx,"dead: the rotated (x, z); EBX is the angle masked to 11 bits"
0x0014CB78,clobber,ebx,"dead: EBX is the angle masked to 11 bits"
0x0015D100,outputs,,"dead: the product goes to memory; EDX, EBX and ESI are its loop counter and pointers, as in xn_mat_mul_fixed (0x15D170), whose callers read nothing back"
0x0015D100,clobber,edx ebx esi,"dead: EDX, EBX and ESI are its loop counter and pointers"
0x0015D1F8,outputs,,"dead: the product goes to memory; EDX, EBX and ESI are its loop counter and pointers, as in xn_mat_mul_fixed (0x15D170)"
0x0015D1F8,clobber,edx ebx esi,"dead: EDX, EBX and ESI are its loop counter and pointers"
0x0015D2B4,outputs,,"dead: the matrix goes to memory; EAX and EDX are its end pointer and diagonal value, as in xn_mat_identity (0x15D288), whose callers read nothing back"
0x0015D2B4,clobber,eax edx,"dead: EAX and EDX are its end pointer and diagonal value"
