field,insn,func,insn_text,original,kind,writer,writer_func,writer_text
0x000C08AD,0x000C08AB,0x000C0700,"cmp edi, 0x186a0",0x000186A0,placeholder,0x000C084E,0x000C0700,"mov dword ptr [0xc08ad], eax"
0x000C08B9,0x000C08B7,0x000C0700,"add esi, 0x186a0",0x000186A0,placeholder,0x000C07BB,0x000C0700,"mov dword ptr [0xc08b9], 0x100"
0x000C08BE,0x000C08BD,0x000C0700,"mov bh, 0x64",0x64,placeholder,0x000C0880,0x000C0700,"mov byte ptr [0xc08be], bh"
0x000C83F6,0x000C83F6,0x000C83F6,"mov al, byte ptr [esi + 0x100]",0x8A,opcode,0x000C83CB,0x000C8395,"mov byte ptr [ebx + 0xc83f6], 0xc3"
0x000C83F6,0x000C83F6,0x000C83F6,"mov al, byte ptr [esi + 0x100]",0x868A,opcode,0x000C83EE,0x000C8395,pop word ptr [ebx + 0xc83f6]
0x000C9D89,0x000C9D89,0x000C9D63,"mov al, byte ptr [esi + 1]",0x8A,opcode,0x000C9D82,0x000C9D63,"mov byte ptr [ecx + 0xc9d89], 0xc3"
0x000C9D89,0x000C9D89,0x000C9D63,"mov al, byte ptr [esi + 1]",0x8A,opcode,0x000C9EA0,0x000C9D63,"mov byte ptr [ecx + 0xc9d89], bl"
0x0012A931,0x0012A92F,0x0012A870,"sub ebx, 0x186a0",0x000186A0,placeholder,0x0012A335,0x0012A2D0,"mov dword ptr [0x12a931], ebx"
0x0012DD02,0x0012DD00,0x0012DC44,"shl eax, 0x64",0x64,placeholder,0x0012DC9C,0x0012DC44,"mov byte ptr [0x12dd02], 0x10"
0x0012DD02,0x0012DD00,0x0012DC44,"shl eax, 0x64",0x64,placeholder,0x0012DCBA,0x0012DC44,"mov byte ptr [0x12dd02], bl"
0x0012DD10,0x0012DD0E,0x0012DC44,"add edi, 0x3e8",0x000003E8,placeholder,0x0012DCEC,0x0012DC44,"mov dword ptr [0x12dd10], ecx"
0x0012F976,0x0012F974,0x0012F79C,"add edx, 0x186a0",0x000186A0,placeholder,0x0012F87A,0x0012F79C,"mov dword ptr [0x12f976], eax"
0x0012F9E0,0x0012F9E0,0x0012F9E0,"mov ebx, dword ptr [esi + 0x400]",0x8B,opcode,0x0012F9BC,0x0012F9A0,"mov byte ptr [ebp + 0x12f9e0], 0xc3"
0x0012F9E0,0x0012F9E0,0x0012F9E0,"mov ebx, dword ptr [esi + 0x400]",0x8B,opcode,0x0012F9CB,0x0012F9A0,"mov byte ptr [ebp + 0x12f9e0], 0x8b"
0x00136C3B,0x00136C38,0x00136C30,"mov eax, dword ptr [ebx*4 + 0x186a0]",0x000186A0,address,0x0015BD22,0x0015BCF6,"mov dword ptr [0x136c3b], edx"
0x00136C45,0x00136C42,0x00136C30,"add eax, dword ptr [edx*4 + 0x186a0]",0x000186A0,address,0x0015BD1D,0x0015BCF6,"mov dword ptr [0x136c45], eax"
0x00136C4A,0x00136C49,0x00136C30,"mov ebp, 0x186a0",0x000186A0,placeholder,0x0015BD55,0x0015BCF6,"mov dword ptr [0x136c4a], eax"
0x00136C51,0x00136C4E,0x00136C30,"add eax, dword ptr [ecx*4 + 0x186a0]",0x000186A0,address,0x0015BD28,0x0015BCF6,"mov dword ptr [0x136c51], ebx"
0x00136C57,0x00136C55,0x00136C30,mul dword ptr [0x136909],0x00076909,address,0x0015BD44,0x0015BCF6,"mov dword ptr [0x136c57], ebx"
0x00136C67,0x00136C63,0x00136C30,"mov dx, word ptr [edx*2 + 0x186a0]",0x000186A0,address,0x00136A46,0x00136A00,"mov dword ptr [0x136c67], eax"
0x00136C6D,0x00136C6B,0x00136C30,"imul edx, edx, 0x186a0",0x000186A0,placeholder,0x0015BD3C,0x0015BCF6,"mov dword ptr [0x136c6d], eax"
0x00136C78,0x00136C76,0x00136C30,"cmp ebp, 0x186a0",0x000186A0,placeholder,0x00136BB7,0x00136B88,"mov dword ptr [0x136c78], eax"
0x00136C7F,0x00136C7E,0x00136C30,"mov ebp, 0x186a0",0x000186A0,placeholder,0x00136BBC,0x00136B88,"mov dword ptr [0x136c7f], eax"
0x00136C92,0x00136C8F,0x00136C84,"mov eax, dword ptr [ebx*4 + 0x186a0]",0x000186A0,address,0x0015BDA4,0x0015BD78,"mov dword ptr [0x136c92], edx"
0x00136C99,0x00136C96,0x00136C84,"add eax, dword ptr [edx*4 + 0x186a0]",0x000186A0,address,0x0015BD9F,0x0015BD78,"mov dword ptr [0x136c99], eax"
0x00136CA0,0x00136C9D,0x00136C84,"add eax, dword ptr [ecx*4 + 0x186a0]",0x000186A0,address,0x0015BDAA,0x0015BD78,"mov dword ptr [0x136ca0], ebx"
0x00136CA7,0x00136CA4,0x00136C84,"mov ecx, dword ptr [ecx*4 + 0x186a0]",0x000186A0,address,0x0015BDFD,0x0015BD78,"mov dword ptr [0x136ca7], ebx"
0x00136CAE,0x00136CAB,0x00136C84,"add ecx, dword ptr [ebx*4 + 0x186a0]",0x000186A0,address,0x0015BDF7,0x0015BD78,"mov dword ptr [0x136cae], edx"
0x00136CB5,0x00136CB2,0x00136C84,"add ecx, dword ptr [edx*4 + 0x186a0]",0x000186A0,address,0x0015BDF2,0x0015BD78,"mov dword ptr [0x136cb5], eax"
0x00136CBB,0x00136CB9,0x00136C84,mul dword ptr [0x136909],0x00076909,address,0x0015BDC6,0x0015BD78,"mov dword ptr [0x136cbb], ebx"
0x00136CC0,0x00136CBF,0x00136C84,"mov ebp, 0x186a0",0x000186A0,placeholder,0x0015BE2A,0x0015BD78,"mov dword ptr [0x136cc0], eax"
0x00136CD2,0x00136CCE,0x00136C84,"mov dx, word ptr [edx*2 + 0x186a0]",0x000186A0,address,0x00136A4B,0x00136A00,"mov dword ptr [0x136cd2], eax"
0x00136CD8,0x00136CD6,0x00136C84,"imul edx, edx, 0x186a0",0x000186A0,placeholder,0x0015BDBE,0x0015BD78,"mov dword ptr [0x136cd8], eax"
0x00136CE3,0x00136CE1,0x00136C84,mul dword ptr [0x136909],0x00076909,address,0x0015BE19,0x0015BD78,"mov dword ptr [0x136ce3], ebx"
0x00136CF3,0x00136CEF,0x00136C84,"mov dx, word ptr [edx*2 + 0x186a0]",0x000186A0,address,0x00136A50,0x00136A00,"mov dword ptr [0x136cf3], eax"
0x00136CF9,0x00136CF7,0x00136C84,"imul edx, edx, 0x186a0",0x000186A0,placeholder,0x0015BE11,0x0015BD78,"mov dword ptr [0x136cf9], eax"
0x00136D04,0x00136D02,0x00136C84,"cmp ebp, 0x186a0",0x000186A0,placeholder,0x00136BC1,0x00136B88,"mov dword ptr [0x136d04], eax"
0x00136D0B,0x00136D0A,0x00136C84,"mov ebp, 0x186a0",0x000186A0,placeholder,0x00136BC6,0x00136B88,"mov dword ptr [0x136d0b], eax"
0x00136D1E,0x00136D1B,0x00136D10,"mov eax, dword ptr [ebx*4 + 0x186a0]",0x000186A0,address,0x0015BE79,0x0015BE4D,"mov dword ptr [0x136d1e], edx"
0x00136D25,0x00136D22,0x00136D10,"add eax, dword ptr [edx*4 + 0x186a0]",0x000186A0,address,0x0015BE74,0x0015BE4D,"mov dword ptr [0x136d25], eax"
0x00136D2C,0x00136D29,0x00136D10,"add eax, dword ptr [ecx*4 + 0x186a0]",0x000186A0,address,0x0015BE7F,0x0015BE4D,"mov dword ptr [0x136d2c], ebx"
0x00136D33,0x00136D30,0x00136D10,"mov ebp, dword ptr [ecx*4 + 0x186a0]",0x000186A0,address,0x0015BED2,0x0015BE4D,"mov dword ptr [0x136d33], ebx"
0x00136D3A,0x00136D37,0x00136D10,"add ebp, dword ptr [ebx*4 + 0x186a0]",0x000186A0,address,0x0015BECC,0x0015BE4D,"mov dword ptr [0x136d3a], edx"
0x00136D41,0x00136D3E,0x00136D10,"add ebp, dword ptr [edx*4 + 0x186a0]",0x000186A0,address,0x0015BEC7,0x0015BE4D,"mov dword ptr [0x136d41], eax"
0x00136D48,0x00136D45,0x00136D10,"mov ecx, dword ptr [ecx*4 + 0x186a0]",0x000186A0,address,0x0015BF25,0x0015BE4D,"mov dword ptr [0x136d48], ebx"
0x00136D4F,0x00136D4C,0x00136D10,"add ecx, dword ptr [ebx*4 + 0x186a0]",0x000186A0,address,0x0015BF1F,0x0015BE4D,"mov dword ptr [0x136d4f], edx"
0x00136D56,0x00136D53,0x00136D10,"add ecx, dword ptr [edx*4 + 0x186a0]",0x000186A0,address,0x0015BF1A,0x0015BE4D,"mov dword ptr [0x136d56], eax"
0x00136D5C,0x00136D5A,0x00136D10,mul dword ptr [0x136909],0x00076909,address,0x0015BE9B,0x0015BE4D,"mov dword ptr [0x136d5c], ebx"
0x00136D66,0x00136D64,0x00136D10,mul dword ptr [0x136909],0x00076909,address,0x0015BEEE,0x0015BE4D,"mov dword ptr [0x136d66], ebx"
0x00136D70,0x00136D6E,0x00136D10,mul dword ptr [0x136909],0x00076909,address,0x0015BF41,0x0015BE4D,"mov dword ptr [0x136d70], ebx"
0x00136D75,0x00136D74,0x00136D10,"mov ebp, 0x186a0",0x000186A0,placeholder,0x0015BF52,0x0015BE4D,"mov dword ptr [0x136d75], eax"
0x00136D85,0x00136D81,0x00136D10,"mov bx, word ptr [ebx*2 + 0x186a0]",0x000186A0,address,0x00136A55,0x00136A00,"mov dword ptr [0x136d85], eax"
0x00136D8B,0x00136D89,0x00136D10,"imul ebx, ebx, 0x186a0",0x000186A0,placeholder,0x0015BE93,0x0015BE4D,"mov dword ptr [0x136d8b], eax"
0x00136DA0,0x00136D9C,0x00136D10,"mov cx, word ptr [ecx*2 + 0x186a0]",0x000186A0,address,0x00136A5A,0x00136A00,"mov dword ptr [0x136da0], eax"
0x00136DA6,0x00136DA4,0x00136D10,"imul ecx, ecx, 0x186a0",0x000186A0,placeholder,0x0015BEE6,0x0015BE4D,"mov dword ptr [0x136da6], eax"
0x00136DBB,0x00136DB7,0x00136D10,"mov dx, word ptr [edx*2 + 0x186a0]",0x000186A0,address,0x00136A5F,0x00136A00,"mov dword ptr [0x136dbb], eax"
0x00136DC1,0x00136DBF,0x00136D10,"imul edx, edx, 0x186a0",0x000186A0,placeholder,0x0015BF39,0x0015BE4D,"mov dword ptr [0x136dc1], eax"
0x00136DCC,0x00136DCA,0x00136D10,"cmp ebp, 0x186a0",0x000186A0,placeholder,0x00136BCB,0x00136B88,"mov dword ptr [0x136dcc], eax"
0x00136DD3,0x00136DD2,0x00136D10,"mov ebp, 0x186a0",0x000186A0,placeholder,0x00136BD0,0x00136B88,"mov dword ptr [0x136dd3], eax"
0x0013E98A,0x0013E984,0x0013E8C8,"mov dword ptr [0x13e9b7], 0x186a0",0x000186A0,placeholder,0x0013E8FF,0x0013E8C8,"mov dword ptr [0x13e98a], eax"
0x0013E98A,0x0013E984,0x0013E8C8,"mov dword ptr [0x13e9b7], 0x186a0",0x000186A0,placeholder,0x0013EAF1,0x0013E8C8,"add dword ptr [0x13e98a], 0x186a0"
0x0013E994,0x0013E98E,0x0013E8C8,"mov dword ptr [0x13e9be], 0x186a0",0x000186A0,placeholder,0x0013E904,0x0013E8C8,"mov dword ptr [0x13e994], edx"
0x0013E994,0x0013E98E,0x0013E8C8,"mov dword ptr [0x13e9be], 0x186a0",0x000186A0,placeholder,0x0013EAFB,0x0013E8C8,"add dword ptr [0x13e994], 0x186a0"
0x0013E99E,0x0013E998,0x0013E8C8,"mov dword ptr [0x13e9c3], 0x186a0",0x000186A0,placeholder,0x0013E90A,0x0013E8C8,"mov dword ptr [0x13e99e], ebx"
0x0013E99E,0x0013E998,0x0013E8C8,"mov dword ptr [0x13e9c3], 0x186a0",0x000186A0,placeholder,0x0013EB05,0x0013E8C8,"add dword ptr [0x13e99e], 0x186a0"
0x0013E9B7,0x0013E9B6,0x0013E8C8,"mov eax, 0x186a0",0x000186A0,placeholder,0x0013E984,0x0013E8C8,"mov dword ptr [0x13e9b7], 0x186a0"
0x0013E9B7,0x0013E9B6,0x0013E8C8,"mov eax, 0x186a0",0x000186A0,placeholder,0x0013EAC2,0x0013E8C8,"add dword ptr [0x13e9b7], 0x186a0"
0x0013E9BE,0x0013E9BD,0x0013E8C8,"mov ebp, 0x186a0",0x000186A0,placeholder,0x0013E98E,0x0013E8C8,"mov dword ptr [0x13e9be], 0x186a0"
0x0013E9BE,0x0013E9BD,0x0013E8C8,"mov ebp, 0x186a0",0x000186A0,placeholder,0x0013EACC,0x0013E8C8,"add dword ptr [0x13e9be], 0x186a0"
0x0013E9C3,0x0013E9C2,0x0013E8C8,"mov ebx, 0x186a0",0x000186A0,placeholder,0x0013E998,0x0013E8C8,"mov dword ptr [0x13e9c3], 0x186a0"
0x0013E9C3,0x0013E9C2,0x0013E8C8,"mov ebx, 0x186a0",0x000186A0,placeholder,0x0013EAD6,0x0013E8C8,"add dword ptr [0x13e9c3], 0x186a0"
0x0013EA75,0x0013EA73,0x0013E8C8,"imul eax, eax, 0x186a0",0x000186A0,placeholder,0x0012A314,0x0012A2D0,"mov dword ptr [0x13ea75], eax"
0x0013EA7D,0x0013EA7B,0x0013E8C8,"add edx, 0x186a0",0x000186A0,placeholder,0x0012A38B,0x0012A2D0,"mov dword ptr [0x13ea7d], ebx"
0x0013EA8D,0x0013EA8B,0x0013E8C8,"imul eax, eax, 0x186a0",0x000186A0,placeholder,0x0012A319,0x0012A2D0,"mov dword ptr [0x13ea8d], edx"
0x0013EA95,0x0013EA93,0x0013E8C8,"add edx, 0x186a0",0x000186A0,placeholder,0x0012A391,0x0012A2D0,"mov dword ptr [0x13ea95], ecx"
0x0013EAC8,0x0013EAC2,0x0013E8C8,"add dword ptr [0x13e9b7], 0x186a0",0x000186A0,placeholder,0x0013E921,0x0013E8C8,"mov dword ptr [0x13eac8], eax"
0x0013EAD2,0x0013EACC,0x0013E8C8,"add dword ptr [0x13e9be], 0x186a0",0x000186A0,placeholder,0x0013E926,0x0013E8C8,"mov dword ptr [0x13ead2], edx"
0x0013EADC,0x0013EAD6,0x0013E8C8,"add dword ptr [0x13e9c3], 0x186a0",0x000186A0,placeholder,0x0013E92C,0x0013E8C8,"mov dword ptr [0x13eadc], ebx"
0x0013EAE7,0x0013EAE5,0x0013E8C8,"cmp edi, 0x186a0",0x000186A0,placeholder,0x0013E9A8,0x0013E8C8,"mov dword ptr [0x13eae7], eax"
0x0013EAF7,0x0013EAF1,0x0013E8C8,"add dword ptr [0x13e98a], 0x186a0",0x000186A0,placeholder,0x0013E943,0x0013E8C8,"mov dword ptr [0x13eaf7], eax"
0x0013EB01,0x0013EAFB,0x0013E8C8,"add dword ptr [0x13e994], 0x186a0",0x000186A0,placeholder,0x0013E948,0x0013E8C8,"mov dword ptr [0x13eb01], edx"
0x0013EB0B,0x0013EB05,0x0013E8C8,"add dword ptr [0x13e99e], 0x186a0",0x000186A0,placeholder,0x0013E94E,0x0013E8C8,"mov dword ptr [0x13eb0b], ebx"
0x0013EB16,0x0013EB14,0x0013E8C8,"cmp edi, 0x186a0",0x000186A0,placeholder,0x0013E97A,0x0013E8C8,"mov dword ptr [0x13eb16], 0x3000"
0x0013F06A,0x0013F067,0x0013EFD7,"mov dword ptr [edi + 0x3c], 0x186a0",0x000186A0,placeholder,0x0013F009,0x0013EFD7,"mov dword ptr [0x13f06a], eax"
0x0013F0A2,0x0013F0A1,0x0013EFD7,"mov eax, 0x186a0",0x000186A0,placeholder,0x0013EFE3,0x0013EFD7,"mov dword ptr [0x13f0a2], eax"
0x0013F0E3,0x0013F0E0,0x0013EFD7,"mov dword ptr [edi + 0x3c], 0x186a0",0x000186A0,placeholder,0x0013F00E,0x0013EFD7,"mov dword ptr [0x13f0e3], eax"
0x0013F11B,0x0013F11A,0x0013EFD7,"mov eax, 0x186a0",0x000186A0,placeholder,0x0013EFE8,0x0013EFD7,"mov dword ptr [0x13f11b], eax"
0x0013F182,0x0013F17F,0x0013EFD7,"mov dword ptr [edi + 0x3c], 0x186a0",0x000186A0,placeholder,0x0013F013,0x0013EFD7,"mov dword ptr [0x13f182], eax"
0x0013F1BA,0x0013F1B9,0x0013EFD7,"mov eax, 0x186a0",0x000186A0,placeholder,0x0013EFED,0x0013EFD7,"mov dword ptr [0x13f1ba], eax"
0x0014030A,0x00140309,0x00140284,"mov ebp, 0x186a0",0x000186A0,placeholder,0x0012A41A,0x0012A3AC,"mov dword ptr [0x14030a], eax"
0x0014040B,0x00140409,0x001403AF,"imul eax, dword ptr [ebx], 0x186a0",0x000186A0,placeholder,0x001402E1,0x00140284,"mov dword ptr [0x14040b], eax"
0x00140412,0x0014040F,0x001403AF,"imul edx, dword ptr [ebx + 4], 0x186a0",0x000186A0,placeholder,0x001402EB,0x00140284,"mov dword ptr [0x140412], edx"
0x00140419,0x00140416,0x001403AF,"imul ecx, dword ptr [ebx + 8], 0x186a0",0x000186A0,placeholder,0x001402F7,0x00140284,"mov dword ptr [0x140419], ebx"
0x00140446,0x00140444,0x001403AF,"imul eax, dword ptr [esi], 0x186a0",0x000186A0,placeholder,0x00140312,0x00140284,"mov dword ptr [0x140446], edx"
0x0014044D,0x0014044A,0x001403AF,"imul edx, dword ptr [esi + 4], 0x186a0",0x000186A0,placeholder,0x0014031D,0x00140284,"mov dword ptr [0x14044d], edx"
0x00140454,0x00140451,0x001403AF,"imul ebp, dword ptr [esi + 8], 0x186a0",0x000186A0,placeholder,0x00140328,0x00140284,"mov dword ptr [0x140454], edx"
0x00140497,0x00140494,0x001403AF,"mov dword ptr [edi + 4], 0x186a0",0x000186A0,placeholder,0x00140297,0x00140284,"mov dword ptr [0x140497], edi"
0x001404EB,0x001404E9,0x001403AF,"cmp ebx, 0x186a0",0x000186A0,placeholder,0x00140404,0x001403AF,"mov dword ptr [0x1404eb], eax"
0x0014051C,0x0014051A,0x001404FA,"mov eax, dword ptr [edi + 0x186a0]",0x000186A0,address,0x001403D6,0x001403AF,"mov dword ptr [0x14051c], eax"
0x00140522,0x00140520,0x001404FA,"mov edx, dword ptr [edi + 0x186a0]",0x000186A0,address,0x001403DE,0x001403AF,"mov dword ptr [0x140522], eax"
0x00140528,0x00140526,0x001404FA,"mov ebx, dword ptr [edi + 0x186a0]",0x000186A0,address,0x001403E6,0x001403AF,"mov dword ptr [0x140528], eax"
0x0014052D,0x0014052C,0x001404FA,"add eax, 0x186a0",0x000186A0,placeholder,0x001402E6,0x00140284,"mov dword ptr [0x14052d], eax"
0x00140533,0x00140531,0x001404FA,"add edx, 0x186a0",0x000186A0,placeholder,0x001402F1,0x00140284,"mov dword ptr [0x140533], edx"
0x00140539,0x00140537,0x001404FA,"add ebx, 0x186a0",0x000186A0,placeholder,0x001402FD,0x00140284,"mov dword ptr [0x140539], ebx"
0x0014053E,0x0014053D,0x001404FA,"mov ecx, 0x186a0",0x000186A0,placeholder,0x00140333,0x00140284,"mov dword ptr [0x14053e], ebx"
0x001405B4,0x001405B2,0x001404FA,"imul eax, eax, 0x186a0",0x000186A0,placeholder,0x0012A309,0x0012A2D0,"mov dword ptr [0x1405b4], eax"
0x001405BC,0x001405BA,0x001404FA,"add edx, 0x186a0",0x000186A0,placeholder,0x0012A37F,0x0012A2D0,"mov dword ptr [0x1405bc], ebx"
0x001405CC,0x001405CA,0x001404FA,"imul eax, eax, 0x186a0",0x000186A0,placeholder,0x0012A30E,0x0012A2D0,"mov dword ptr [0x1405cc], edx"
0x001405D4,0x001405D2,0x001404FA,"add edx, 0x186a0",0x000186A0,placeholder,0x0012A385,0x0012A2D0,"mov dword ptr [0x1405d4], ecx"
0x00140666,0x00140665,0x00140606,"sub eax, 0x186a0",0x000186A0,placeholder,0x00140615,0x00140606,"mov dword ptr [0x140666], eax"
0x0014066C,0x0014066A,0x00140606,"sub edx, 0x186a0",0x000186A0,placeholder,0x0014061A,0x00140606,"mov dword ptr [0x14066c], edx"
0x00140672,0x00140670,0x00140606,"sub ebx, 0x186a0",0x000186A0,placeholder,0x00140620,0x00140606,"mov dword ptr [0x140672], ebx"
0x0014068B,0x00140689,0x00140606,"sub ebp, 0x186a0",0x000186A0,placeholder,0x00140639,0x00140606,"mov dword ptr [0x14068b], eax"
0x001406DD,0x001406DC,0x001406D6,"mov ebx, 0x186a0",0x000186A0,placeholder,0x0012A3D3,0x0012A3AC,"mov dword ptr [0x1406dd], eax"
0x001406E2,0x001406E1,0x001406D6,"mov ebp, 0x186a0",0x000186A0,placeholder,0x0012A2B1,0x0012A274,"mov dword ptr [0x1406e2], eax"
0x0014072A,0x00140729,0x001406D6,"mov ebx, 0x186a0",0x000186A0,placeholder,0x0012A3FF,0x0012A3AC,"mov dword ptr [0x14072a], eax"
0x0014072F,0x0014072E,0x001406D6,"mov ebp, 0x186a0",0x000186A0,placeholder,0x0012A2C3,0x0012A274,"mov dword ptr [0x14072f], eax"
0x00140A28,0x00140A28,0x00140A28,"mov byte ptr [edi + 0x100], al",0x88,opcode,0x001403BE,0x001403AF,"mov byte ptr [ebx + 0x140a28], 0xc3"
0x00140A28,0x00140A28,0x00140A28,"mov byte ptr [edi + 0x100], al",0x88,opcode,0x001403CA,0x001403AF,"mov byte ptr [ebx + 0x140a28], 0x88"
0x0014501C,0x0014501C,0x0014501C,"mov al, byte ptr [esi + 0x100]",0x8A,opcode,0x00144FFE,0x00144FC8,"mov byte ptr [ebx + 0x14501c], 0xc3"
0x0014501C,0x0014501C,0x0014501C,"mov al, byte ptr [esi + 0x100]",0x868A,opcode,0x00145011,0x00144FC8,pop word ptr [ebx + 0x14501c]
0x0014D320,0x0014D320,0x0014D320,"mov eax, ecx",0x8B,opcode,0x001500E3,0x00150040,"mov byte ptr [ebp + 0x14d320], 0xc3"
0x0014D320,0x0014D320,0x0014D320,"mov eax, ecx",0x8B,opcode,0x001500EF,0x00150040,"mov byte ptr [ebp + 0x14d320], 0x8b"
0x0014D320,0x0014D320,0x0014D320,"mov eax, ecx",0x8B,opcode,0x00150120,0x00150040,"mov byte ptr [ebp + 0x14d320], 0xc3"
0x0014D320,0x0014D320,0x0014D320,"mov eax, ecx",0x8B,opcode,0x0015012C,0x00150040,"mov byte ptr [ebp + 0x14d320], 0x8b"
0x00150056,0x00150054,0x00150040,"sub ecx, 0x186a0",0x000186A0,placeholder,0x0014D291,0x0014D23C,"mov dword ptr [0x150056], eax"
0x00150071,0x00150070,0x00150040,"mov ecx, 0x186a0",0x000186A0,placeholder,0x0014D296,0x0014D23C,"mov dword ptr [0x150071], eax"
0x0015009B,0x0015009A,0x00150040,"mov edx, 0x186a0",0x000186A0,placeholder,0x0014D271,0x0014D23C,"mov dword ptr [0x15009b], eax"
0x001500BC,0x001500BB,0x00150040,"mov edx, 0x186a0",0x000186A0,placeholder,0x0014D276,0x0014D23C,"mov dword ptr [0x1500bc], eax"
0x001500D7,0x001500D5,0x00150040,"sub ecx, 0x186a0",0x000186A0,placeholder,0x0014D2A3,0x0014D23C,"mov dword ptr [0x1500d7], ebx"
0x001500DF,0x001500DD,0x00150040,"add ecx, 0x186a0",0x000186A0,placeholder,0x0014D25E,0x0014D23C,"mov dword ptr [0x1500df], eax"
0x001500FA,0x001500F8,0x00150040,"cmp ecx, 0x186a0",0x000186A0,placeholder,0x0014D29B,0x0014D23C,"mov dword ptr [0x1500fa], eax"
0x00150103,0x00150102,0x00150040,"mov edx, 0x186a0",0x000186A0,placeholder,0x0014D27B,0x0014D23C,"mov dword ptr [0x150103], eax"
0x0015010A,0x00150109,0x00150040,"sub eax, 0x186a0",0x000186A0,placeholder,0x0014D2A9,0x0014D23C,"mov dword ptr [0x15010a], ebx"
0x0015011C,0x0015011A,0x00150040,"lea ecx, [eax + 0x186a0]",0x000186A0,address,0x0014D263,0x0014D23C,"mov dword ptr [0x15011c], eax"
0x001550ED,0x001550E7,0x001550E0,"imul esi, dword ptr [0x120288], 0x186a0",0x000186A0,placeholder,0x0012A32A,0x0012A2D0,"mov dword ptr [0x1550ed], eax"
0x001550F7,0x001550F1,0x001550E0,"imul ebp, dword ptr [0x12028c], 0x186a0",0x000186A0,placeholder,0x0012A32F,0x0012A2D0,"mov dword ptr [0x1550f7], edx"
0x00155110,0x0015510F,0x001550E0,"mov eax, 0x186a0",0x000186A0,placeholder,0x001554C6,0x00155415,"mov dword ptr [0x155110], eax"
0x00155120,0x0015511F,0x001550E0,"mov eax, 0x186a0",0x000186A0,placeholder,0x001554CB,0x00155415,"mov dword ptr [0x155120], edx"
0x0015512A,0x00155129,0x001550E0,"mov eax, 0x186a0",0x000186A0,placeholder,0x001554D1,0x00155415,"mov dword ptr [0x15512a], ebx"
0x0015514C,0x0015514B,0x001550E0,"mov eax, 0x186a0",0x000186A0,placeholder,0x001554F6,0x00155415,"mov dword ptr [0x15514c], eax"
0x00155163,0x00155162,0x001550E0,"mov eax, 0x186a0",0x000186A0,placeholder,0x001554FB,0x00155415,"mov dword ptr [0x155163], edx"
0x0015516D,0x0015516C,0x001550E0,"mov eax, 0x186a0",0x000186A0,placeholder,0x00155501,0x00155415,"mov dword ptr [0x15516d], ebx"
0x0015526F,0x0015526E,0x0015526C,"mov esi, 0x186a0",0x000186A0,placeholder,0x00154EC2,0x00154E20,"mov dword ptr [0x15526f], edi"
0x00155275,0x00155273,0x0015526C,"lea edi, [ebx + 0x186a0]",0x000186A0,address,0x001552C3,0x001552A0,"mov dword ptr [0x155275], edx"
0x00155275,0x00155273,0x0015526C,"lea edi, [ebx + 0x186a0]",0x000186A0,address,0x00155361,0x00155332,"add dword ptr [0x155275], 0x140"
0x001552E0,0x001552DF,0x001552A0,"mov ebp, 0x186a0",0x000186A0,placeholder,0x001552A0,0x001552A0,"mov dword ptr [0x1552e0], ebp"
0x001552E0,0x001552DF,0x001552A0,"mov ebp, 0x186a0",0x000186A0,placeholder,0x001552E4,0x001552A0,"add dword ptr [0x1552e0], 4"
0x0015534F,0x0015534D,0x00155332,"add dword ptr [0x154c58], 0x186a0",0x00094C58,address,0x001551AA,0x001550E0,"mov dword ptr [0x15534f], edx"
0x00155353,0x0015534D,0x00155332,"add dword ptr [0x154c58], 0x186a0",0x000186A0,placeholder,0x00155195,0x001550E0,"mov dword ptr [0x155353], edx"
0x00155359,0x00155357,0x00155332,"add dword ptr [0x154c50], 0x186a0",0x00094C50,address,0x001551C5,0x001550E0,"mov dword ptr [0x155359], edx"
0x0015535D,0x00155357,0x00155332,"add dword ptr [0x154c50], 0x186a0",0x000186A0,placeholder,0x001551B6,0x001550E0,"mov dword ptr [0x15535d], edx"
0x00155367,0x00155361,0x00155332,"add dword ptr [0x155275], 0x140",0x00000140,operand,0x001554A2,0x00155415,"mov dword ptr [0x155367], eax"
0x00155373,0x00155371,0x00155332,"add ebp, 0x186a0",0x000186A0,placeholder,0x0015531C,0x001552A0,"mov dword ptr [0x155373], edx"
0x00155379,0x00155377,0x00155332,"add ebx, 0x186a0",0x000186A0,placeholder,0x001553C6,0x00155332,"mov dword ptr [0x155379], eax"
0x0015537F,0x0015537D,0x00155332,"add ecx, 0x186a0",0x000186A0,placeholder,0x00155329,0x001552A0,"mov dword ptr [0x15537f], edx"
0x0015539D,0x0015539C,0x00155332,"mov ebx, 0x186a0",0x000186A0,placeholder,0x001552A6,0x001552A0,"mov dword ptr [0x15539d], ebp"
0x0015539D,0x0015539C,0x00155332,"mov ebx, 0x186a0",0x000186A0,placeholder,0x001553A1,0x00155332,"sub dword ptr [0x15539d], 4"
0x00155636,0x00155634,0x00155610,"add ebp, 0x186a0",0x000186A0,placeholder,0x0012A5E5,0x0012A4F0,"mov dword ptr [0x155636], eax"
0x00155880,0x00155880,0x00155880,"mov ah, ch",0x8A,opcode,0x00155A75,0x00155920,"mov byte ptr [ebx + 0x155880], 0xc3"
0x00155880,0x00155880,0x00155880,"mov ah, ch",0x8A,opcode,0x00155A81,0x00155920,"mov byte ptr [ebx + 0x155880], 0x8a"
0x00155944,0x00155943,0x00155920,"mov eax, 0x186a0",0x000186A0,placeholder,0x0012A8F9,0x0012A870,"mov dword ptr [0x155944], eax"
0x00155984,0x00155982,0x00155920,"add ecx, 0x186a0",0x000186A0,placeholder,0x0015592A,0x00155920,"mov dword ptr [0x155984], edx"
0x00155996,0x00155994,0x00155920,"add ebx, 0x186a0",0x000186A0,placeholder,0x0012A4E9,0x0012A3AC,"mov dword ptr [0x155996], eax"
0x0015599B,0x0015599A,0x00155920,"mov eax, 0x186a0",0x000186A0,placeholder,0x0012A8FE,0x0012A870,"mov dword ptr [0x15599b], eax"
0x001559B9,0x001559B8,0x00155920,"mov al, 0x64",0x64,placeholder,0x00155968,0x00155920,"mov byte ptr [0x1559b9], al"
0x00155A21,0x00155A1F,0x00155920,"cmp edi, 0x186a0",0x000186A0,placeholder,0x0015596F,0x00155920,"mov dword ptr [0x155a21], ebp"
0x00155A21,0x00155A1F,0x00155920,"cmp edi, 0x186a0",0x000186A0,placeholder,0x00155975,0x00155920,"mov dword ptr [0x155a21], ebp"
0x00155A21,0x00155A1F,0x00155920,"cmp edi, 0x186a0",0x000186A0,placeholder,0x0015597C,0x00155920,"mov dword ptr [0x155a21], ebp"
0x00155A4B,0x00155A4A,0x00155920,"mov eax, 0x186a0",0x000186A0,placeholder,0x0012A903,0x0012A870,"mov dword ptr [0x155a4b], eax"
0x00155C00,0x00155C00,0x00155C00,"mov edx, ebx",0x8B,opcode,0x00155F27,0x00155D20,"mov byte ptr [ebp + 0x155c00], 0xc3"
0x00155C00,0x00155C00,0x00155C00,"mov edx, ebx",0x8B,opcode,0x00155F3B,0x00155D20,"mov byte ptr [ebp + 0x155c00], 0x8b"
0x00155C00,0x00155C00,0x00155C00,"mov edx, ebx",0x8B,opcode,0x001561F7,0x00155F70,"mov byte ptr [ebp + 0x155c00], 0xc3"
0x00155C00,0x00155C00,0x00155C00,"mov edx, ebx",0x8B,opcode,0x0015620B,0x00155F70,"mov byte ptr [ebp + 0x155c00], 0x8b"
0x00155D34,0x00155D31,0x00155D20,"mov ecx, dword ptr [ecx*4 + 0x186a0]",0x000186A0,address,0x0012A1A4,0x0012A100,"mov dword ptr [0x155d34], eax"
0x00155DC7,0x00155DC5,0x00155D20,"add ecx, 0x186a0",0x000186A0,placeholder,0x00155D89,0x00155D20,"mov dword ptr [0x155dc7], eax"
0x00155DD1,0x00155DCB,0x00155D20,"add dword ptr [0x155b04], 0x186a0",0x000186A0,placeholder,0x00155D99,0x00155D20,"mov dword ptr [0x155dd1], edx"
0x00155DDB,0x00155DD5,0x00155D20,"add dword ptr [0x155b00], 0x186a0",0x000186A0,placeholder,0x00155D94,0x00155D20,"mov dword ptr [0x155ddb], eax"
0x00155DEC,0x00155DE9,0x00155D20,"mov ecx, dword ptr [ecx*4 + 0x186a0]",0x000186A0,address,0x0012A1A9,0x0012A100,"mov dword ptr [0x155dec], eax"
0x00155E2B,0x00155E29,0x00155D20,"add ebx, 0x186a0",0x000186A0,placeholder,0x00155DA5,0x00155D20,"mov dword ptr [0x155e2b], eax"
0x00155EBD,0x00155EBB,0x00155D20,"cmp edi, 0x186a0",0x000186A0,placeholder,0x00155DAC,0x00155D20,"mov dword ptr [0x155ebd], ebp"
0x00155EBD,0x00155EBB,0x00155D20,"cmp edi, 0x186a0",0x000186A0,placeholder,0x00155DB2,0x00155D20,"mov dword ptr [0x155ebd], ebp"
0x00155EBD,0x00155EBB,0x00155D20,"cmp edi, 0x186a0",0x000186A0,placeholder,0x00155DB9,0x00155D20,"mov dword ptr [0x155ebd], ebp"
0x00155EDD,0x00155EDA,0x00155D20,"mov eax, dword ptr [ecx*4 + 0x186a0]",0x000186A0,address,0x0012A1AE,0x0012A100,"mov dword ptr [0x155edd], eax"
0x00155F84,0x00155F81,0x00155F70,"mov ecx, dword ptr [ecx*4 + 0x186a0]",0x000186A0,address,0x0012A1B3,0x0012A100,"mov dword ptr [0x155f84], eax"
0x00156017,0x00156015,0x00155F70,"add ecx, 0x186a0",0x000186A0,placeholder,0x00155FD9,0x00155F70,"mov dword ptr [0x156017], eax"
0x00156021,0x0015601B,0x00155F70,"add dword ptr [0x155b04], 0x186a0",0x000186A0,placeholder,0x00155FE9,0x00155F70,"mov dword ptr [0x156021], edx"
0x0015602B,0x00156025,0x00155F70,"add dword ptr [0x155b00], 0x186a0",0x000186A0,placeholder,0x00155FE4,0x00155F70,"mov dword ptr [0x15602b], eax"
0x0015603C,0x00156039,0x00155F70,"mov ecx, dword ptr [ecx*4 + 0x186a0]",0x000186A0,address,0x0012A1B8,0x0012A100,"mov dword ptr [0x15603c], eax"
0x0015607B,0x00156079,0x00155F70,"add ebx, 0x186a0",0x000186A0,placeholder,0x00155FF5,0x00155F70,"mov dword ptr [0x15607b], eax"
0x0015618D,0x0015618B,0x00155F70,"cmp edi, 0x186a0",0x000186A0,placeholder,0x00155FFC,0x00155F70,"mov dword ptr [0x15618d], ebp"
0x0015618D,0x0015618B,0x00155F70,"cmp edi, 0x186a0",0x000186A0,placeholder,0x00156002,0x00155F70,"mov dword ptr [0x15618d], ebp"
0x0015618D,0x0015618B,0x00155F70,"cmp edi, 0x186a0",0x000186A0,placeholder,0x00156009,0x00155F70,"mov dword ptr [0x15618d], ebp"
0x001561AD,0x001561AA,0x00155F70,"mov eax, dword ptr [ecx*4 + 0x186a0]",0x000186A0,address,0x0012A1BD,0x0012A100,"mov dword ptr [0x1561ad], eax"
0x00156320,0x00156320,0x00156320,"mov edx, ebx",0x8B,opcode,0x00156692,0x00156460,"mov byte ptr [eax + 0x156320], 0xc3"
0x00156320,0x00156320,0x00156320,"mov edx, ebx",0x8B,opcode,0x001566AA,0x00156460,"mov byte ptr [eax + 0x156320], 0x8b"
0x00156320,0x00156320,0x00156320,"mov edx, ebx",0x8B,opcode,0x0015698E,0x001566C4,"mov byte ptr [eax + 0x156320], 0xc3"
0x00156320,0x00156320,0x00156320,"mov edx, ebx",0x8B,opcode,0x001569A6,0x001566C4,"mov byte ptr [eax + 0x156320], 0x8b"
0x0015647D,0x0015647A,0x00156460,"mov ecx, dword ptr [ecx*4 + 0x186a0]",0x000186A0,address,0x0012A1C2,0x0012A100,"mov dword ptr [0x15647d], eax"
0x00156510,0x0015650E,0x00156460,"add ecx, 0x186a0",0x000186A0,placeholder,0x001564D2,0x00156460,"mov dword ptr [0x156510], eax"
0x0015651A,0x00156514,0x00156460,"add dword ptr [0x156304], 0x186a0",0x000186A0,placeholder,0x001564E2,0x00156460,"mov dword ptr [0x15651a], edx"
0x00156524,0x0015651E,0x00156460,"add dword ptr [0x156300], 0x186a0",0x000186A0,placeholder,0x001564DD,0x00156460,"mov dword ptr [0x156524], eax"
0x00156535,0x00156532,0x00156460,"mov ecx, dword ptr [ecx*4 + 0x186a0]",0x000186A0,address,0x0012A1C7,0x0012A100,"mov dword ptr [0x156535], eax"
0x00156577,0x00156575,0x00156460,"add ebx, 0x186a0",0x000186A0,placeholder,0x001564EE,0x00156460,"mov dword ptr [0x156577], eax"
0x00156625,0x00156623,0x00156460,"cmp edi, 0x186a0",0x000186A0,placeholder,0x001564F5,0x00156460,"mov dword ptr [0x156625], ebp"
0x00156625,0x00156623,0x00156460,"cmp edi, 0x186a0",0x000186A0,placeholder,0x001564FB,0x00156460,"mov dword ptr [0x156625], ebp"
0x00156625,0x00156623,0x00156460,"cmp edi, 0x186a0",0x000186A0,placeholder,0x00156502,0x00156460,"mov dword ptr [0x156625], ebp"
0x00156645,0x00156642,0x00156460,"mov eax, dword ptr [ecx*4 + 0x186a0]",0x000186A0,address,0x0012A1CC,0x0012A100,"mov dword ptr [0x156645], eax"
0x001566E1,0x001566DE,0x001566C4,"mov ecx, dword ptr [ecx*4 + 0x186a0]",0x000186A0,address,0x0012A1D1,0x0012A100,"mov dword ptr [0x1566e1], eax"
0x00156774,0x00156772,0x001566C4,"add ecx, 0x186a0",0x000186A0,placeholder,0x00156736,0x001566C4,"mov dword ptr [0x156774], eax"
0x0015677E,0x00156778,0x001566C4,"add dword ptr [0x156304], 0x186a0",0x000186A0,placeholder,0x00156746,0x001566C4,"mov dword ptr [0x15677e], edx"
0x00156788,0x00156782,0x001566C4,"add dword ptr [0x156300], 0x186a0",0x000186A0,placeholder,0x00156741,0x001566C4,"mov dword ptr [0x156788], eax"
0x00156799,0x00156796,0x001566C4,"mov ecx, dword ptr [ecx*4 + 0x186a0]",0x000186A0,address,0x0012A1D6,0x0012A100,"mov dword ptr [0x156799], eax"
0x001567DB,0x001567D9,0x001566C4,"add ebx, 0x186a0",0x000186A0,placeholder,0x00156752,0x001566C4,"mov dword ptr [0x1567db], eax"
0x00156921,0x0015691F,0x001566C4,"cmp edi, 0x186a0",0x000186A0,placeholder,0x00156759,0x001566C4,"mov dword ptr [0x156921], ebp"
0x00156921,0x0015691F,0x001566C4,"cmp edi, 0x186a0",0x000186A0,placeholder,0x0015675F,0x001566C4,"mov dword ptr [0x156921], ebp"
0x00156921,0x0015691F,0x001566C4,"cmp edi, 0x186a0",0x000186A0,placeholder,0x00156766,0x001566C4,"mov dword ptr [0x156921], ebp"
0x00156941,0x0015693E,0x001566C4,"mov eax, dword ptr [ecx*4 + 0x186a0]",0x000186A0,address,0x0012A1DB,0x0012A100,"mov dword ptr [0x156941], eax"
0x00156AB7,0x00156AB4,0x00156A94,"mov ecx, dword ptr [ecx*4 + 0x186a0]",0x000186A0,address,0x0012A1E0,0x0012A100,"mov dword ptr [0x156ab7], eax"
0x00156AC9,0x00156AC8,0x00156A94,"mov eax, 0x186a0",0x000186A0,placeholder,0x0012A908,0x0012A870,"mov dword ptr [0x156ac9], eax"
0x00156B74,0x00156B6E,0x00156A94,"add dword ptr [0x156a60], 0x186a0",0x000186A0,placeholder,0x0012A4E4,0x0012A3AC,"mov dword ptr [0x156b74], eax"
0x00156B7E,0x00156B78,0x00156A94,"add dword ptr [0x156a54], 0x186a0",0x000186A0,placeholder,0x00156B42,0x00156A94,"mov dword ptr [0x156b7e], edx"
0x00156B88,0x00156B82,0x00156A94,"add dword ptr [0x156a50], 0x186a0",0x000186A0,placeholder,0x00156B3D,0x00156A94,"mov dword ptr [0x156b88], eax"
0x00156B8E,0x00156B8C,0x00156A94,"add ecx, 0x186a0",0x000186A0,placeholder,0x00156B32,0x00156A94,"mov dword ptr [0x156b8e], eax"
0x00156B9F,0x00156B9C,0x00156A94,"mov ecx, dword ptr [ecx*4 + 0x186a0]",0x000186A0,address,0x0012A1E5,0x0012A100,"mov dword ptr [0x156b9f], eax"
0x00156BAE,0x00156BAD,0x00156A94,"mov eax, 0x186a0",0x000186A0,placeholder,0x0012A90D,0x0012A870,"mov dword ptr [0x156bae], eax"
0x00156BF4,0x00156BF2,0x00156A94,"add ebx, 0x186a0",0x000186A0,placeholder,0x00156B4E,0x00156A94,"mov dword ptr [0x156bf4], eax"
0x00156C10,0x00156C0E,0x00156A94,"cmp edi, 0x186a0",0x000186A0,placeholder,0x00156B5B,0x00156A94,"mov dword ptr [0x156c10], ebp"
0x00156C10,0x00156C0E,0x00156A94,"cmp edi, 0x186a0",0x000186A0,placeholder,0x00156B61,0x00156A94,"mov dword ptr [0x156c10], ebp"
0x00156C10,0x00156C0E,0x00156A94,"cmp edi, 0x186a0",0x000186A0,placeholder,0x00156B68,0x00156A94,"mov dword ptr [0x156c10], ebp"
0x00156C40,0x00156C3D,0x00156A94,"mov ecx, dword ptr [ecx*4 + 0x186a0]",0x000186A0,address,0x0012A1EA,0x0012A100,"mov dword ptr [0x156c40], eax"
0x00156C59,0x00156C58,0x00156A94,"mov eax, 0x186a0",0x000186A0,placeholder,0x0012A912,0x0012A870,"mov dword ptr [0x156c59], eax"
0x00156D40,0x00156D40,0x00156D40,"mov edx, ebx",0x8B,opcode,0x001570DB,0x00156E60,"mov byte ptr [ebp + 0x156d40], 0xc3"
0x00156D40,0x00156D40,0x00156D40,"mov edx, ebx",0x8B,opcode,0x001570EF,0x00156E60,"mov byte ptr [ebp + 0x156d40], 0x8b"
0x00156E74,0x00156E71,0x00156E60,"mov ecx, dword ptr [ecx*4 + 0x186a0]",0x000186A0,address,0x0012A186,0x0012A100,"mov dword ptr [0x156e74], eax"
0x00156EE9,0x00156EE7,0x00156E60,"add ecx, 0x186a0",0x000186A0,placeholder,0x00156ED7,0x00156E60,"mov dword ptr [0x156ee9], ebp"
0x00156EEE,0x00156EED,0x00156E60,"add eax, 0x186a0",0x000186A0,placeholder,0x00156EC5,0x00156E60,"mov dword ptr [0x156eee], ebp"
0x00156EF4,0x00156EF2,0x00156E60,"add edx, 0x186a0",0x000186A0,placeholder,0x00156ECE,0x00156E60,"mov dword ptr [0x156ef4], ebp"
0x00156F07,0x00156F04,0x00156E60,"mov ecx, dword ptr [ecx*4 + 0x186a0]",0x000186A0,address,0x0012A18B,0x0012A100,"mov dword ptr [0x156f07], eax"
0x00156F19,0x00156F17,0x00156E60,"add ecx, 0x186a0",0x000186A0,placeholder,0x00156EAD,0x00156E60,"mov dword ptr [0x156f19], ebx"
0x00157090,0x0015708D,0x00156E60,"mov eax, dword ptr [ecx*4 + 0x186a0]",0x000186A0,address,0x0012A190,0x0012A100,"mov dword ptr [0x157090], eax"
0x00157100,0x00157100,0x00157100,"mov edx, ebx",0x8B,opcode,0x001574FC,0x00157240,"mov byte ptr [ebp + 0x157100], 0xc3"
0x00157100,0x00157100,0x00157100,"mov edx, ebx",0x8B,opcode,0x00157515,0x00157240,"mov byte ptr [ebp + 0x157100], 0x8b"
0x00157254,0x00157251,0x00157240,"mov ecx, dword ptr [ecx*4 + 0x186a0]",0x000186A0,address,0x0012A195,0x0012A100,"mov dword ptr [0x157254], eax"
0x001572D6,0x001572D4,0x00157240,"add ecx, 0x186a0",0x000186A0,placeholder,0x001572C2,0x00157240,"mov dword ptr [0x1572d6], ebp"
0x001572DB,0x001572DA,0x00157240,"add eax, 0x186a0",0x000186A0,placeholder,0x001572B0,0x00157240,"mov dword ptr [0x1572db], ebp"
0x001572E1,0x001572DF,0x00157240,"add edx, 0x186a0",0x000186A0,placeholder,0x001572B9,0x00157240,"mov dword ptr [0x1572e1], ebp"
0x001572F4,0x001572F1,0x00157240,"mov ebp, dword ptr [ecx*4 + 0x186a0]",0x000186A0,address,0x0012A19A,0x0012A100,"mov dword ptr [0x1572f4], eax"
0x00157306,0x00157304,0x00157240,"add ebp, 0x186a0",0x000186A0,placeholder,0x0015728D,0x00157240,"mov dword ptr [0x157306], ebx"
0x0015730B,0x0015730A,0x00157240,"mov eax, 0x186a0",0x000186A0,placeholder,0x001572CB,0x00157240,"mov dword ptr [0x15730b], ebp"
0x00157486,0x00157484,0x00157240,"cmp edi, 0x186a0",0x000186A0,placeholder,0x001572A7,0x00157240,"mov dword ptr [0x157486], ebp"
0x001574B1,0x001574AE,0x00157240,"mov eax, dword ptr [ecx*4 + 0x186a0]",0x000186A0,address,0x0012A19F,0x0012A100,"mov dword ptr [0x1574b1], eax"
0x00157622,0x00157620,0x00157620,"sub ebx, 0x2710",0x00002710,placeholder,0x0012A33C,0x0012A2D0,"mov dword ptr [0x157622], ebx"
0x0015762E,0x0015762B,0x00157620,"mov ecx, dword ptr [ecx*4 + 0x186a0]",0x000186A0,address,0x0012A1EF,0x0012A100,"mov dword ptr [0x15762e], eax"
0x00157760,0x00157760,0x00157760,"mov eax, ebx",0x8B,opcode,0x00157737,0x00157620,"mov byte ptr [ebp + 0x157760], 0xc3"
0x00157760,0x00157760,0x00157760,"mov eax, ebx",0x8B,opcode,0x00157743,0x00157620,"mov byte ptr [ebp + 0x157760], 0x8b"
0x00157802,0x00157800,0x00157800,"sub ebx, 0x2710",0x00002710,placeholder,0x0012A342,0x0012A2D0,"mov dword ptr [0x157802], ebx"
0x0015780E,0x0015780B,0x00157800,"mov ecx, dword ptr [ecx*4 + 0x186a0]",0x000186A0,address,0x0012A1F4,0x0012A100,"mov dword ptr [0x15780e], eax"
0x00157918,0x00157916,0x00157800,"add ebx, 0x186a0",0x000186A0,placeholder,0x00157858,0x00157800,"mov dword ptr [0x157918], edx"
0x00157960,0x00157960,0x00157960,"mov edx, ebx",0x8B,opcode,0x00157934,0x00157800,"mov byte ptr [ebp + 0x157960], 0xc3"
0x00157960,0x00157960,0x00157960,"mov edx, ebx",0x8B,opcode,0x00157940,0x00157800,"mov byte ptr [ebp + 0x157960], 0x8b"
0x00157B22,0x00157B20,0x00157B20,"sub ebx, 0x2710",0x00002710,placeholder,0x0012A348,0x0012A2D0,"mov dword ptr [0x157b22], ebx"
0x00157B2E,0x00157B2B,0x00157B20,"mov ecx, dword ptr [ecx*4 + 0x186a0]",0x000186A0,address,0x0012A1F9,0x0012A100,"mov dword ptr [0x157b2e], eax"
0x00157B99,0x00157B98,0x00157B20,"mov ebp, 0x186a0",0x000186A0,placeholder,0x00157B75,0x00157B20,"mov dword ptr [0x157b99], ecx"
0x00157C58,0x00157C56,0x00157B20,"add ebx, 0x186a0",0x000186A0,placeholder,0x00157B7E,0x00157B20,"mov dword ptr [0x157c58], edx"
0x00157CA0,0x00157CA0,0x00157CA0,"mov edx, ebx",0x8B,opcode,0x00157C74,0x00157B20,"mov byte ptr [ebp + 0x157ca0], 0xc3"
0x00157CA0,0x00157CA0,0x00157CA0,"mov edx, ebx",0x8B,opcode,0x00157C88,0x00157B20,"mov byte ptr [ebp + 0x157ca0], 0x8b"
0x00157E22,0x00157E20,0x00157E20,"sub ebx, 0x2710",0x00002710,placeholder,0x0012A34E,0x0012A2D0,"mov dword ptr [0x157e22], ebx"
0x00157E2E,0x00157E2B,0x00157E20,"mov ecx, dword ptr [ecx*4 + 0x186a0]",0x000186A0,address,0x0012A1FE,0x0012A100,"mov dword ptr [0x157e2e], eax"
0x00157E98,0x00157E97,0x00157E20,"mov ebp, 0x186a0",0x000186A0,placeholder,0x00157E75,0x00157E20,"mov dword ptr [0x157e98], ecx"
0x00157F67,0x00157F65,0x00157E20,"add ebx, 0x186a0",0x000186A0,placeholder,0x00157E7E,0x00157E20,"mov dword ptr [0x157f67], edx"
0x00157FA0,0x00157FA0,0x00157FA0,"mov edx, ebx",0x8B,opcode,0x00157F83,0x00157E20,"mov byte ptr [ebp + 0x157fa0], 0xc3"
0x00157FA0,0x00157FA0,0x00157FA0,"mov edx, ebx",0x8B,opcode,0x00157F97,0x00157E20,"mov byte ptr [ebp + 0x157fa0], 0x8b"
0x001583AF,0x001583AD,0x00158360,"imul eax, eax, 0x186a0",0x000186A0,placeholder,0x0012A2E8,0x0012A2D0,"mov dword ptr [0x1583af], eax"
0x001583B7,0x001583B5,0x00158360,"add edx, 0x186a0",0x000186A0,placeholder,0x0012A367,0x0012A2D0,"mov dword ptr [0x1583b7], ebx"
0x001583C5,0x001583C3,0x00158360,"imul eax, eax, 0x186a0",0x000186A0,placeholder,0x0012A2F7,0x0012A2D0,"mov dword ptr [0x1583c5], edx"
0x001583CD,0x001583CB,0x00158360,"add edx, 0x186a0",0x000186A0,placeholder,0x0012A36D,0x0012A2D0,"mov dword ptr [0x1583cd], ecx"
0x001584AD,0x001584AB,0x00158420,"imul eax, eax, 0x186a0",0x000186A0,placeholder,0x0012A2ED,0x0012A2D0,"mov dword ptr [0x1584ad], eax"
0x001584B5,0x001584B3,0x00158420,"add edx, 0x186a0",0x000186A0,placeholder,0x0012A373,0x0012A2D0,"mov dword ptr [0x1584b5], ebx"
0x001584C3,0x001584C1,0x00158420,"imul eax, eax, 0x186a0",0x000186A0,placeholder,0x0012A2FD,0x0012A2D0,"mov dword ptr [0x1584c3], edx"
0x001584CB,0x001584C9,0x00158420,"add edx, 0x186a0",0x000186A0,placeholder,0x0012A379,0x0012A2D0,"mov dword ptr [0x1584cb], ecx"
0x00158608,0x00158606,0x001585C0,"imul eax, eax, 0x186a0",0x000186A0,placeholder,0x0012A2F2,0x0012A2D0,"mov dword ptr [0x158608], eax"
0x00158610,0x0015860E,0x001585C0,"add edx, 0x186a0",0x000186A0,placeholder,0x0012A397,0x0012A2D0,"mov dword ptr [0x158610], ebx"
0x0015861E,0x0015861C,0x001585C0,"imul eax, eax, 0x186a0",0x000186A0,placeholder,0x0012A303,0x0012A2D0,"mov dword ptr [0x15861e], edx"
0x00158626,0x00158624,0x001585C0,"add edx, 0x186a0",0x000186A0,placeholder,0x0012A39D,0x0012A2D0,"mov dword ptr [0x158626], ecx"
0x0015B9C4,0x0015B9C3,0x0015B9A0,"mov ebp, 0x186a0",0x000186A0,placeholder,0x0015B9A0,0x0015B9A0,"mov dword ptr [0x15b9c4], ebp"
0x0015B9C4,0x0015B9C3,0x0015B9A0,"mov ebp, 0x186a0",0x000186A0,placeholder,0x0015B9C8,0x0015B9A0,"add dword ptr [0x15b9c4], 4"
0x0015BA3C,0x0015BA3A,0x0015BA16,"add ebp, 0x186a0",0x000186A0,placeholder,0x0015BA00,0x0015B9A0,"mov dword ptr [0x15ba3c], edx"
0x0015BA42,0x0015BA40,0x0015BA16,"add ebx, 0x186a0",0x000186A0,placeholder,0x0015BA91,0x0015BA16,"mov dword ptr [0x15ba42], eax"
0x0015BA48,0x0015BA46,0x0015BA16,"add ecx, 0x186a0",0x000186A0,placeholder,0x0015BA0D,0x0015B9A0,"mov dword ptr [0x15ba48], edx"
0x0015BA68,0x0015BA67,0x0015BA16,"mov ebx, 0x186a0",0x000186A0,placeholder,0x0015B9A6,0x0015B9A0,"mov dword ptr [0x15ba68], ebp"
0x0015BA68,0x0015BA67,0x0015BA16,"mov ebx, 0x186a0",0x000186A0,placeholder,0x0015BA6C,0x0015BA16,"sub dword ptr [0x15ba68], 4"
0x0015BAE8,0x0015BAE7,0x0015BAC0,"mov eax, 0x186a0",0x000186A0,placeholder,0x0015BAC3,0x0015BAC0,"mov dword ptr [0x15bae8], eax"
0x0015BB0C,0x0015BB0B,0x0015BAC0,"mov eax, 0x186a0",0x000186A0,placeholder,0x0015BAC8,0x0015BAC0,"mov dword ptr [0x15bb0c], eax"
0x0015BB4D,0x0015BB4C,0x0015BAC0,"mov eax, 0x186a0",0x000186A0,placeholder,0x0015BB2D,0x0015BAC0,"mov dword ptr [0x15bb4d], eax"
0x0015BB6E,0x0015BB6D,0x0015BAC0,"mov eax, 0x186a0",0x000186A0,placeholder,0x0015BB32,0x0015BAC0,"mov dword ptr [0x15bb6e], eax"
0x0015BBB9,0x0015BBB7,0x0015BB8C,"shr edx, 0x12",0x12,operand,0x0012A600,0x0012A4F0,"mov byte ptr [0x15bbb9], al"
0x0015BBDE,0x0015BBDB,0x0015BB8C,"imul esi, dword ptr [edi + 0x18], 0x186a0",0x000186A0,placeholder,0x0012A31F,0x0012A2D0,"mov dword ptr [0x15bbde], eax"
0x0015BBE5,0x0015BBE2,0x0015BB8C,"imul ecx, dword ptr [edi + 0x1c], 0x186a0",0x000186A0,placeholder,0x0012A324,0x0012A2D0,"mov dword ptr [0x15bbe5], edx"
0x0015BC61,0x0015BC5F,0x0015BC42,"add ebx, 0x186a0",0x000186A0,placeholder,0x0012A5E0,0x0012A4F0,"mov dword ptr [0x15bc61], eax"
0x0015FFCC,0x0015FFCB,0x0015FF53,"mov ecx, 0x186a0",0x000186A0,placeholder,0x0015FF89,0x0015FF53,"mov dword ptr [0x15ffcc], ecx"
0x0015FFD3,0x0015FFD2,0x0015FF53,"mov ecx, 0x186a0",0x000186A0,placeholder,0x0015FF94,0x0015FF53,"mov dword ptr [0x15ffd3], ecx"
0x0015FFDB,0x0015FFD9,0x0015FF53,"add edi, 0x186a0",0x000186A0,placeholder,0x0015FF7E,0x0015FF53,"mov dword ptr [0x15ffdb], ecx"
